CountryName,CountryCode,capital,lat,lon,1-Jan-20,2-Jan-20,3-Jan-20,4-Jan-20,5-Jan-20,6-Jan-20,7-Jan-20,8-Jan-20,9-Jan-20,10-Jan-20,11-Jan-20,12-Jan-20,13-Jan-20,14-Jan-20,15-Jan-20,16-Jan-20,17-Jan-20,18-Jan-20,19-Jan-20,20-Jan-20,21-Jan-20,22-Jan-20,23-Jan-20,24-Jan-20,25-Jan-20,26-Jan-20,27-Jan-20,28-Jan-20,29-Jan-20,30-Jan-20,31-Jan-20,1-Feb-20,2-Feb-20,3-Feb-20,4-Feb-20,5-Feb-20,6-Feb-20,7-Feb-20,8-Feb-20,9-Feb-20,10-Feb-20,11-Feb-20,12-Feb-20,13-Feb-20,14-Feb-20,15-Feb-20,16-Feb-20,17-Feb-20,18-Feb-20,19-Feb-20,20-Feb-20,21-Feb-20,22-Feb-20,23-Feb-20,24-Feb-20,25-Feb-20,26-Feb-20,27-Feb-20,28-Feb-20,29-Feb-20,1-Mar-20,2-Mar-20,3-Mar-20,4-Mar-20,5-Mar-20,6-Mar-20,7-Mar-20,8-Mar-20,9-Mar-20,10-Mar-20,11-Mar-20,12-Mar-20,13-Mar-20,14-Mar-20,15-Mar-20,16-Mar-20,17-Mar-20,18-Mar-20,19-Mar-20,20-Mar-20,21-Mar-20,22-Mar-20,23-Mar-20,24-Mar-20,25-Mar-20,26-Mar-20,27-Mar-20,28-Mar-20,29-Mar-20,30-Mar-20,31-Mar-20,1-Apr-20,2-Apr-20,3-Apr-20,4-Apr-20,5-Apr-20,6-Apr-20,7-Apr-20,8-Apr-20,9-Apr-20,10-Apr-20,11-Apr-20,12-Apr-20,13-Apr-20,14-Apr-20,15-Apr-20,16-Apr-20,17-Apr-20,18-Apr-20,19-Apr-20,20-Apr-20,21-Apr-20,22-Apr-20,23-Apr-20,24-Apr-20,25-Apr-20,26-Apr-20,27-Apr-20,28-Apr-20,29-Apr-20,30-Apr-20,1-May-20,may022020
Afghanistan,AFG,Kabul,34.526013,69.177648,0,0,0,0,0,0,0,0,0,0,0,0,0,0,0,0,0,0,0,0,0,0,0,0,0,0,0,0,0,0,0,0,0,0,0,0,0,0,0,0,0,0,0,0,0,0,0,0,0,0,0,0,0,0,0,1,1,1,1,1,1,1,2,2,3,3,4,4,5,6,7,8,9,9,10,16,21,22,22,22,24,24,34,40,42,75,75,91,106,114,141,166,192,235,235,270,299,337,367,423,484,521,555,607,665,714,784,794,845,908,996,1031,1092,1176,1281,1351,1463,1531,1703,1827,1949,2171,2335
Albania,ALB,Tirana,41.327946,19.818532,0,0,0,0,0,0,0,0,0,0,0,0,0,0,0,0,0,0,0,0,0,0,0,0,0,0,0,0,0,0,0,0,0,0,0,0,0,0,0,0,0,0,0,0,0,0,0,0,0,0,0,0,0,0,0,0,0,0,0,0,0,0,0,0,0,0,0,0,2,6,10,11,23,33,38,42,51,55,59,70,70,76,89,100,123,146,174,186,197,212,223,243,259,277,304,333,361,377,383,400,409,416,433,446,467,475,494,518,539,548,562,584,609,634,663,678,712,726,736,750,766,773,782
Algeria,DZA,Algiers,36.775348,3.060065,0,0,0,0,0,0,0,0,0,0,0,0,0,0,0,0,0,0,0,0,0,0,0,0,0,0,0,0,0,0,0,0,0,0,0,0,0,0,0,0,0,0,0,0,0,0,0,0,0,0,0,0,0,0,0,0,1,1,1,1,3,3,4,5,12,17,18,19,20,20,20,20,25,26,37,48,58,60,72,90,102,139,201,230,264,302,367,409,454,511,584,716,847,986,1171,1251,1320,1423,1468,1572,1666,1761,1825,1914,1983,2070,2160,2268,2418,2535,2629,2718,2811,2910,3007,3127,3256,3382,3517,3649,3848,4006,4154
Andorra,AND,Andorra la Vella,42.506939,1.521247,0,0,0,0,0,0,0,0,0,0,0,0,0,0,0,0,0,0,0,0,0,0,0,0,0,0,0,0,0,0,0,0,0,0,0,0,0,0,0,0,0,0,0,0,0,0,0,0,0,0,0,0,0,0,0,0,0,0,0,0,0,0,1,1,1,1,1,1,2,2,2,2,2,2,4,5,14,14,53,75,75,88,113,133,164,188,224,267,308,334,370,376,390,428,439,466,501,526,545,564,583,601,622,638,646,659,673,682,696,704,713,717,717,723,724,731,733,740,743,743,743,745,746
Angola,AGO,Luanda,-8.827166,13.243667,0,0,0,0,0,0,0,0,0,0,0,0,0,0,0,0,0,0,0,0,0,0,0,0,0,0,0,0,0,0,0,0,0,0,0,0,0,0,0,0,0,0,0,0,0,0,0,0,0,0,0,0,0,0,0,0,0,0,0,0,0,0,0,0,0,0,0,0,0,0,0,0,0,0,0,0,0,0,0,0,0,2,2,2,2,2,3,4,4,7,7,7,8,8,8,10,14,16,17,19,19,19,19,19,19,19,19,19,19,24,24,24,24,24,25,25,25,26,27,27,27,27,29
Argentina,ARG,Buenos Aires,-34.607562,-58.437076,0,0,0,0,0,0,0,0,0,0,0,0,0,0,0,0,0,0,0,0,0,0,0,0,0,0,0,0,0,0,0,0,0,0,0,0,0,0,0,0,0,0,0,0,0,0,0,0,0,0,0,0,0,0,0,0,0,0,0,0,0,0,0,1,2,2,8,9,12,16,19,25,31,34,45,56,65,79,97,128,158,225,266,301,387,502,589,690,745,820,966,966,1133,1133,1265,1451,1554,1628,1715,1795,1894,1975,2137,2203,2272,2432,2432,2560,2658,2828,2930,3020,3132,3276,3423,3423,3767,3767,3990,4114,4272,4415,4519
Aruba,ABW,Oranjestad,12.526874,-70.035684,0,0,0,0,0,0,0,0,0,0,0,0,0,0,0,0,0,0,0,0,0,0,0,0,0,0,0,0,0,0,0,0,0,0,0,0,0,0,0,0,0,0,0,0,0,0,0,0,0,0,0,0,0,0,0,0,0,0,0,0,0,0,0,0,0,0,0,0,0,0,0,0,2,2,3,3,3,3,4,4,6,8,10,12,17,19,28,28,28,50,53,55,55,60,62,64,64,71,74,77,82,86,92,92,92,92,93,95,96,96,97,97,97,100,100,100,100,100,100,100,100,100,100
Australia,AUS,Canberra,-35.297591,149.101268,0,0,0,0,0,0,0,0,0,0,0,0,0,0,0,0,0,0,0,0,0,0,0,0,1,4,4,4,4,6,7,9,11,11,11,12,13,14,14,14,14,14,14,14,15,15,15,15,15,15,15,17,21,22,22,22,22,23,23,25,26,29,33,41,52,59,63,74,80,100,112,126,156,197,249,298,375,454,565,709,874,1098,1709,1823,2423,2799,3166,3378,3809,4093,4557,4707,4976,5224,5548,5687,5744,5844,5956,6052,6152,6238,6289,6322,6366,6416,6458,6497,6533,6586,6612,6625,6647,6654,6667,6687,6703,6713,6725,6738,6746,6762,6767
Austria,AUT,Vienna,48.208354,16.372504,0,0,0,0,0,0,0,0,0,0,0,0,0,0,0,0,0,0,0,0,0,0,0,0,0,0,0,0,0,0,0,0,0,0,0,0,0,0,0,0,0,0,0,0,0,0,0,0,0,0,0,0,0,0,0,0,2,2,5,7,10,14,18,24,29,41,74,99,102,131,182,246,361,504,655,860,1016,1332,1646,2196,2649,3024,3631,4486,5282,5888,7029,7697,8291,8813,9618,10182,10711,11129,11525,11766,11983,12297,12640,12969,13248,13560,13807,13937,14043,14234,14370,14448,14603,14662,14710,14783,14833,14924,14985,15068,15134,15189,15256,15314,15364,15457,15531
Azerbaijan,AZE,Baku,40.375443,49.832675,0,0,0,0,0,0,0,0,0,0,0,0,0,0,0,0,0,0,0,0,0,0,0,0,0,0,0,0,0,0,0,0,0,0,0,0,0,0,0,0,0,0,0,0,0,0,0,0,0,0,0,0,0,0,0,0,0,0,0,1,1,3,4,5,5,6,9,10,10,11,11,13,13,16,19,19,19,28,34,44,44,53,65,72,87,93,122,165,182,209,273,298,359,400,443,521,584,641,717,822,926,991,1058,1098,1148,1197,1253,1283,1340,1373,1398,1436,1480,1518,1548,1592,1617,1645,1678,1717,1766,1804,1854
Bahrain,BHR,Manama,26.223504,50.582244,0,0,0,0,0,0,0,0,0,0,0,0,0,0,0,0,0,0,0,0,0,0,0,0,0,0,0,0,0,0,0,0,0,0,0,0,0,0,0,0,0,0,0,0,0,0,0,0,0,0,0,0,0,0,1,2,23,33,33,38,41,47,48,49,52,52,56,63,79,109,110,162,162,210,211,214,221,237,256,269,285,306,334,339,390,419,458,466,473,500,515,567,569,643,643,688,700,756,811,823,887,998,1040,1136,1361,1528,1673,1700,1744,1773,1873,1907,1973,2007,2217,2518,2589,2647,2723,2811,2921,3040,3170
Bangladesh,BGD,Dhaka,23.759357,90.378814,0,0,0,0,0,0,0,0,0,0,0,0,0,0,0,0,0,0,0,0,0,0,0,0,0,0,0,0,0,0,0,0,0,0,0,0,0,0,0,0,0,0,0,0,0,0,0,0,0,0,0,0,0,0,0,0,0,0,0,0,0,0,0,0,0,0,0,0,3,3,3,3,3,3,3,4,5,8,10,10,17,24,27,33,39,39,48,48,48,49,49,51,54,56,61,70,88,123,164,218,330,424,482,621,803,1012,1231,1572,1838,2144,2456,2948,3382,3772,4186,4689,4998,5416,5913,6462,7103,7667,8238
Barbados,BRB,Bridgetown,13.097783,-59.618418,0,0,0,0,0,0,0,0,0,0,0,0,0,0,0,0,0,0,0,0,0,0,0,0,0,0,0,0,0,0,0,0,0,0,0,0,0,0,0,0,0,0,0,0,0,0,0,0,0,0,0,0,0,0,0,0,0,0,0,0,0,0,0,0,0,0,0,0,0,0,0,0,0,0,0,0,0,1,1,2,6,14,17,17,18,18,24,24,26,33,34,34,45,45,45,51,56,60,63,63,66,67,68,71,72,73,75,75,75,75,75,75,75,76,76,76,79,79,80,80,80,81,81
Belgium,BEL,Brussels,50.846557,4.351697,0,0,0,0,0,0,0,0,0,0,0,0,0,0,0,0,0,0,0,0,0,0,0,0,0,0,0,0,0,0,0,0,0,0,1,1,1,1,1,1,1,1,1,1,1,1,1,1,1,1,1,1,1,1,1,1,1,1,1,1,1,2,8,13,23,50,109,169,200,239,267,314,399,559,689,886,1085,1243,1486,1795,2257,2815,3401,3743,4269,4937,6235,7284,9134,10836,11899,12775,13964,15348,16770,18431,19691,20814,22194,23403,24983,26667,28018,29647,30589,31119,33573,34809,36138,37183,38496,39983,40956,41889,42797,44293,45325,46134,46687,47334,47859,48519,49032
Belize,BLZ,Belmopan,17.250199,-88.770018,0,0,0,0,0,0,0,0,0,0,0,0,0,0,0,0,0,0,0,0,0,0,0,0,0,0,0,0,0,0,0,0,0,0,0,0,0,0,0,0,0,0,0,0,0,0,0,0,0,0,0,0,0,0,0,0,0,0,0,0,0,0,0,0,0,0,0,0,0,0,0,0,0,0,0,0,0,0,0,0,0,0,0,1,1,2,2,2,2,2,3,3,3,3,4,4,5,7,7,8,9,10,13,14,18,18,18,18,18,18,18,18,18,18,18,18,18,18,18,18,18,18,18
Bermuda,BMU,Hamilton,32.293,-64.782,0,0,0,0,0,0,0,0,0,0,0,0,0,0,0,0,0,0,0,0,0,0,0,0,0,0,0,0,0,0,0,0,0,0,0,0,0,0,0,0,0,0,0,0,0,0,0,0,0,0,0,0,0,0,0,0,0,0,0,0,0,0,0,0,0,0,0,0,0,0,0,0,0,0,0,0,0,0,0,2,2,2,6,6,6,6,15,17,22,22,27,32,32,35,35,37,37,39,39,39,48,48,50,57,57,57,81,83,83,86,86,86,98,99,99,99,99,109,110,110,111,114,114
Bolivia,BOL,Sucre,-19.047725,-65.259431,0,0,0,0,0,0,0,0,0,0,0,0,0,0,0,0,0,0,0,0,0,0,0,0,0,0,0,0,0,0,0,0,0,0,0,0,0,0,0,0,0,0,0,0,0,0,0,0,0,0,0,0,0,0,0,0,0,0,0,0,0,0,0,0,0,0,0,0,0,0,0,2,3,10,10,11,11,12,12,15,19,20,27,28,32,39,61,74,81,96,107,115,123,132,139,157,183,194,210,264,268,276,300,330,354,397,441,465,493,520,564,598,609,672,703,807,866,950,1014,1053,1110,1167,1229
Bosnia and Herz.,BIH,Sarajevo,43.851977,18.386687,0,0,0,0,0,0,0,0,0,0,0,0,0,0,0,0,0,0,0,0,0,0,0,0,0,0,0,0,0,0,0,0,0,0,0,0,0,0,0,0,0,0,0,0,0,0,0,0,0,0,0,0,0,0,0,0,0,0,0,0,0,0,0,0,0,2,2,2,3,3,3,3,3,8,13,18,21,21,36,44,44,92,125,129,162,181,181,229,257,323,353,413,464,532,586,632,663,695,781,816,875,901,948,1007,1028,1073,1100,1152,1210,1254,1269,1300,1340,1367,1413,1420,1485,1516,1564,1588,1588,1689,1781
Botswana,BWA,Gaborone,-24.655319,25.908728,0,0,0,0,0,0,0,0,0,0,0,0,0,0,0,0,0,0,0,0,0,0,0,0,0,0,0,0,0,0,0,0,0,0,0,0,0,0,0,0,0,0,0,0,0,0,0,0,0,0,0,0,0,0,0,0,0,0,0,0,0,0,0,0,0,0,0,0,0,0,0,0,0,0,0,0,0,0,0,0,0,0,0,0,0,0,0,0,0,0,0,3,4,4,4,4,6,6,6,7,13,13,13,13,13,13,13,15,15,15,20,20,20,22,22,22,22,22,22,23,23,23,23
Brazil,BRA,Brasília,-15.793404,-47.882317,0,0,0,0,0,0,0,0,0,0,0,0,0,0,0,0,0,0,0,0,0,0,0,0,0,0,0,0,0,0,0,0,0,0,0,0,0,0,0,0,0,0,0,0,0,0,0,0,0,0,0,0,0,0,0,0,1,1,1,1,2,2,2,2,3,8,13,13,25,25,34,52,77,98,121,200,234,291,428,621,904,1128,1546,1891,2201,2433,2915,3417,3904,4256,4579,5717,6836,7910,9056,10278,11130,12056,13717,15927,17857,19638,20727,22169,23430,25262,28320,30425,33682,36599,38654,40581,43079,45757,49492,52995,58509,61888,66501,71886,78162,85380,91589
Brunei,BRN,Bandar Seri Begawan,4.889545,114.941757,0,0,0,0,0,0,0,0,0,0,0,0,0,0,0,0,0,0,0,0,0,0,0,0,0,0,0,0,0,0,0,0,0,0,0,0,0,0,0,0,0,0,0,0,0,0,0,0,0,0,0,0,0,0,0,0,0,0,0,0,0,0,0,0,0,0,0,0,0,1,6,11,25,37,40,50,54,56,68,73,78,83,88,91,104,107,114,115,120,126,127,129,131,133,133,135,135,135,135,135,135,136,136,136,136,136,136,136,136,137,138,138,138,138,138,138,138,138,138,138,138,138,138
Bulgaria,BGR,Sofia,42.697863,23.322179,0,0,0,0,0,0,0,0,0,0,0,0,0,0,0,0,0,0,0,0,0,0,0,0,0,0,0,0,0,0,0,0,0,0,0,0,0,0,0,0,0,0,0,0,0,0,0,0,0,0,0,0,0,0,0,0,0,0,0,0,0,0,0,0,0,0,0,2,4,5,6,7,23,31,41,51,62,81,92,105,127,163,185,201,220,242,264,293,331,346,359,399,422,457,485,503,531,549,577,593,624,635,661,675,685,713,747,800,846,878,915,929,975,1024,1097,1188,1247,1300,1363,1399,1447,1506,1588
Burkina Faso,BFA,Ouagadougou,12.368148,-1.527085,0,0,0,0,0,0,0,0,0,0,0,0,0,0,0,0,0,0,0,0,0,0,0,0,0,0,0,0,0,0,0,0,0,0,0,0,0,0,0,0,0,0,0,0,0,0,0,0,0,0,0,0,0,0,0,0,0,0,0,0,0,0,0,0,0,0,0,0,0,0,2,2,2,3,3,3,20,20,26,33,40,64,64,75,99,114,146,146,180,180,222,246,261,288,288,302,345,364,384,414,443,448,484,497,515,528,542,543,557,565,576,581,600,609,616,626,629,632,635,638,641,645,649
Burundi,BDI,Bujumbura,-3.363812,29.367503,0,0,0,0,0,0,0,0,0,0,0,0,0,0,0,0,0,0,0,0,0,0,0,0,0,0,0,0,0,0,0,0,0,0,0,0,0,0,0,0,0,0,0,0,0,0,0,0,0,0,0,0,0,0,0,0,0,0,0,0,0,0,0,0,0,0,0,0,0,0,0,0,0,0,0,0,0,0,0,0,0,0,0,0,0,0,0,0,0,0,0,2,2,3,3,3,3,3,3,3,3,3,5,5,5,5,5,5,6,6,6,6,6,11,11,12,15,15,15,15,15,15,15
Cameroon,CMR,Yaoundé,3.868987,11.521334,0,0,0,0,0,0,0,0,0,0,0,0,0,0,0,0,0,0,0,0,0,0,0,0,0,0,0,0,0,0,0,0,0,0,0,0,0,0,0,0,0,0,0,0,0,0,0,0,0,0,0,0,0,0,0,0,0,0,0,0,0,0,0,0,0,0,1,2,2,2,2,3,3,3,3,4,4,10,10,14,27,27,27,56,72,72,88,88,99,99,142,193,233,271,509,555,650,658,685,730,730,803,820,820,820,855,855,855,1016,1016,1016,1017,1163,1163,1401,1403,1518,1621,1621,1806,1832,1832,2069
Canada,CAN,Ottawa,45.421106,-75.690308,0,0,0,0,0,0,0,0,0,0,0,0,0,0,0,0,0,0,0,0,0,0,0,0,0,1,1,2,3,3,3,4,4,4,4,5,5,7,7,7,7,7,7,7,7,8,8,8,8,8,8,9,9,9,9,11,11,12,14,16,20,24,27,30,33,45,51,57,62,77,93,103,138,176,244,304,424,569,690,846,971,1302,1430,1646,1959,3385,4018,4675,5386,6255,7424,8536,9595,11268,12519,13882,15496,16653,17883,19274,20748,22133,23301,24365,25663,27046,28364,30081,31872,33341,34777,36823,38413,40179,42099,43877,45341,46884,48489,50015,51587,53236,55061
Cape Verde,CPV,Praia,14.916017,-23.509613,0,0,0,0,0,0,0,0,0,0,0,0,0,0,0,0,0,0,0,0,0,0,0,0,0,0,0,0,0,0,0,0,0,0,0,0,0,0,0,0,0,0,0,0,0,0,0,0,0,0,0,0,0,0,0,0,0,0,0,0,0,0,0,0,0,0,0,0,0,0,0,0,0,0,0,0,0,0,0,0,2,3,3,3,3,4,5,5,5,5,5,6,6,6,6,7,7,7,7,7,7,7,8,10,10,11,55,55,56,58,61,67,67,73,82,88,90,106,109,113,113,121,123
Chad,TCD,N'Djamena,12.119154,15.050276,0,0,0,0,0,0,0,0,0,0,0,0,0,0,0,0,0,0,0,0,0,0,0,0,0,0,0,0,0,0,0,0,0,0,0,0,0,0,0,0,0,0,0,0,0,0,0,0,0,0,0,0,0,0,0,0,0,0,0,0,0,0,0,0,0,0,0,0,0,0,0,0,0,0,0,0,0,0,0,1,1,2,2,2,3,3,5,5,5,5,7,7,7,7,7,8,9,9,9,10,11,11,11,15,23,23,27,27,33,33,33,33,34,34,40,40,40,46,46,52,52,73,73
Chile,CHL,Santiago,-33.437797,-70.650445,0,0,0,0,0,0,0,0,0,0,0,0,0,0,0,0,0,0,0,0,0,0,0,0,0,0,0,0,0,0,0,0,0,0,0,0,0,0,0,0,0,0,0,0,0,0,0,0,0,0,0,0,0,0,0,0,0,0,0,0,0,0,0,1,3,4,5,8,10,13,17,23,33,43,61,75,156,201,238,342,434,537,632,746,922,1142,1306,1610,1909,2139,2449,2738,3031,3404,3737,4161,4471,4815,5116,5546,5972,6501,6927,7213,7525,7917,8273,8807,9252,9730,10088,10507,10832,11296,11812,12306,12858,13331,13813,14365,14885,16023,17008
China,CHN,Beijing,39.905963,116.391248,27,27,44,44,59,59,59,59,59,59,59,59,59,59,59,59,63,80,216,235,386,526,623,882,1323,1988,2775,4528,5994,7734,9714,11809,14399,17211,20448,24320,28047,31207,34625,37232,40206,42696,44724,59865,64021,66559,68566,70618,72508,74258,74652,75543,76369,77016,77234,77749,78159,78598,78927,79355,79929,80134,80261,80380,80497,80667,80768,80814,80859,80879,80908,80932,80954,80973,80995,81020,81063,81086,81130,81229,81281,81346,81484,81553,81631,81733,81827,81946,82059,82157,82241,82295,82395,82465,82527,82575,82642,82698,82784,82870,82925,83004,83097,83209,83303,83352,83402,83754,83785,83803,83817,83849,83864,83876,83884,83899,83909,83912,83938,83940,83944,83956,83959
Colombia,COL,Bogotá,4.598077,-74.076103,0,0,0,0,0,0,0,0,0,0,0,0,0,0,0,0,0,0,0,0,0,0,0,0,0,0,0,0,0,0,0,0,0,0,0,0,0,0,0,0,0,0,0,0,0,0,0,0,0,0,0,0,0,0,0,0,0,0,0,0,0,0,0,0,0,0,1,2,2,3,6,9,13,16,34,45,57,65,102,128,158,210,235,306,378,470,491,539,608,702,798,906,1065,1161,1267,1406,1485,1579,1780,2054,2223,2473,2709,2776,2852,2979,3105,3233,3439,3621,3792,3977,4149,4356,4561,4881,5142,5379,5597,5949,6211,6507,7006
Costa Rica,CRI,San José,9.933333,-84.083333,0,0,0,0,0,0,0,0,0,0,0,0,0,0,0,0,0,0,0,0,0,0,0,0,0,0,0,0,0,0,0,0,0,0,0,0,0,0,0,0,0,0,0,0,0,0,0,0,0,0,0,0,0,0,0,0,0,0,0,0,0,0,0,0,0,0,1,3,5,9,13,22,23,26,27,35,41,50,69,87,113,117,134,158,177,201,231,263,295,314,330,347,375,396,416,435,454,467,483,502,539,558,577,595,612,618,626,642,649,655,660,662,669,681,687,687,693,695,697,705,713,719,725
Croatia,HRV,Zagreb,45.813177,15.977048,0,0,0,0,0,0,0,0,0,0,0,0,0,0,0,0,0,0,0,0,0,0,0,0,0,0,0,0,0,0,0,0,0,0,0,0,0,0,0,0,0,0,0,0,0,0,0,0,0,0,0,0,0,0,0,0,1,2,3,5,5,7,8,9,10,10,11,12,12,13,13,16,25,31,37,48,56,69,81,104,126,206,235,306,382,418,495,586,657,713,790,867,963,1011,1079,1126,1182,1222,1282,1343,1407,1495,1534,1600,1650,1704,1741,1791,1814,1832,1871,1881,1908,1950,1981,2009,2016,2030,2039,2047,2062,2076,2085
Cuba,CUB,Havana,23.138028,-82.365867,0,0,0,0,0,0,0,0,0,0,0,0,0,0,0,0,0,0,0,0,0,0,0,0,0,0,0,0,0,0,0,0,0,0,0,0,0,0,0,0,0,0,0,0,0,0,0,0,0,0,0,0,0,0,0,0,0,0,0,0,0,0,0,0,0,0,0,0,0,0,0,3,4,4,4,5,6,7,11,16,21,25,35,40,48,57,67,80,119,139,170,186,212,233,269,288,320,350,396,457,515,564,620,669,726,766,814,862,923,986,1035,1087,1137,1189,1235,1285,1337,1369,1389,1437,1467,1501,1537
Cyprus,CYP,Nicosia,35.180282,33.373696,0,0,0,0,0,0,0,0,0,0,0,0,0,0,0,0,0,0,0,0,0,0,0,0,0,0,0,0,0,0,0,0,0,0,0,0,0,0,0,0,0,0,0,0,0,0,0,0,0,0,0,0,0,0,0,0,0,0,0,0,0,0,0,0,0,0,0,0,0,2,4,6,10,14,21,30,40,40,58,58,67,84,95,116,124,132,146,162,179,214,230,262,320,356,396,426,446,465,494,526,564,595,616,633,662,695,715,735,735,761,767,772,784,790,795,804,810,817,822,837,843,850,857
Czech Republic,CZE,Prague,50.087465,14.421254,0,0,0,0,0,0,0,0,0,0,0,0,0,0,0,0,0,0,0,0,0,0,0,0,0,0,0,0,0,0,0,0,0,0,0,0,0,0,0,0,0,0,0,0,0,0,0,0,0,0,0,0,0,0,0,0,0,0,0,0,0,3,5,5,8,12,19,26,32,40,63,94,116,150,214,298,344,434,522,694,904,995,1165,1236,1394,1654,2062,2279,2663,2829,3002,3308,3589,3858,4190,4472,4587,4822,5017,5312,5569,5732,5902,5991,6059,6141,6303,6433,6549,6654,6787,6914,7041,7136,7188,7273,7352,7404,7449,7504,7579,7682,7737
Dem. Rep. Congo,COD,Kinshasa,-4.321705,15.312597,0,0,0,0,0,0,0,0,0,0,0,0,0,0,0,0,0,0,0,0,0,0,0,0,0,0,0,0,0,0,0,0,0,0,0,0,0,0,0,0,0,0,0,0,0,0,0,0,0,0,0,0,0,0,0,0,0,0,0,0,0,0,0,0,0,0,0,0,0,0,1,1,2,2,2,2,3,3,14,14,14,23,26,26,45,45,54,58,58,81,98,98,123,123,134,154,154,161,180,183,215,223,234,234,235,254,267,287,307,327,332,350,359,377,394,416,442,459,471,491,500,572,604
Denmark,DNK,Copenhagen,55.686724,12.570072,0,0,0,0,0,0,0,0,0,0,0,0,0,0,0,0,0,0,0,0,0,0,0,0,0,0,0,0,0,0,0,0,0,0,0,0,0,0,0,0,0,0,0,0,0,0,0,0,0,0,0,0,0,0,0,0,0,1,1,2,3,4,5,8,10,20,23,31,38,113,264,516,676,804,827,875,932,1024,1115,1151,1255,1326,1395,1460,1591,1724,1877,2046,2201,2395,2577,2860,3107,3386,3757,4077,4369,4681,5071,5402,5635,5819,5996,6174,6318,6511,6681,6879,7073,7242,7384,7515,7695,7912,8073,8210,8445,8575,8698,8851,9008,9158,9311
Djibouti,DJI,Djibouti,11.856775,42.757785,0,0,0,0,0,0,0,0,0,0,0,0,0,0,0,0,0,0,0,0,0,0,0,0,0,0,0,0,0,0,0,0,0,0,0,0,0,0,0,0,0,0,0,0,0,0,0,0,0,0,0,0,0,0,0,0,0,0,0,0,0,0,0,0,0,0,0,0,0,0,0,0,0,0,0,0,0,0,1,1,1,1,1,3,3,12,12,13,15,19,26,31,34,41,41,51,59,90,121,135,140,150,187,214,298,363,435,591,732,732,846,846,945,974,986,999,1008,1023,1035,1072,1077,1089,1097
Dominica,DMA,Roseau,15.299192,-61.387287,0,0,0,0,0,0,0,0,0,0,0,0,0,0,0,0,0,0,0,0,0,0,0,0,0,0,0,0,0,0,0,0,0,0,0,0,0,0,0,0,0,0,0,0,0,0,0,0,0,0,0,0,0,0,0,0,0,0,0,0,0,0,0,0,0,0,0,0,0,0,0,0,0,0,0,0,0,0,0,0,0,0,1,1,2,7,11,11,11,11,11,11,12,12,14,14,14,15,15,15,16,16,16,16,16,16,16,16,16,16,16,16,16,16,16,16,16,16,16,16,16,16,16
Dominican Rep.,DOM,Santo Domingo,18.480197,-69.942111,0,0,0,0,0,0,0,0,0,0,0,0,0,0,0,0,0,0,0,0,0,0,0,0,0,0,0,0,0,0,0,0,0,0,0,0,0,0,0,0,0,0,0,0,0,0,0,0,0,0,0,0,0,0,0,0,0,0,0,0,0,1,1,1,2,2,2,3,4,5,7,8,10,11,11,11,11,11,21,21,34,112,202,245,312,392,488,581,719,859,901,1109,1284,1380,1488,1578,1745,1828,1956,2111,2349,2620,2759,2967,3167,3286,3614,3755,4126,4335,4680,4964,5044,5300,5543,5749,5926,6135,6135,6416,6652,6972,7288
Ecuador,ECU,Quito,-0.220164,-78.512327,0,0,0,0,0,0,0,0,0,0,0,0,0,0,0,0,0,0,0,0,0,0,0,0,0,0,0,0,0,0,0,0,0,0,0,0,0,0,0,0,0,0,0,0,0,0,0,0,0,0,0,0,0,0,0,0,0,0,0,0,1,6,7,9,10,13,13,14,14,15,17,19,21,23,28,37,58,111,168,199,426,532,789,981,1082,1211,1403,1627,1835,1890,1966,2302,2758,3163,3368,3465,3646,3747,3995,4450,4965,7161,7257,7466,7529,7603,7858,8225,8450,9022,9468,10128,10398,10850,11183,11183,11183,22719,23240,24258,24675,24934,26336
Egypt,EGY,Cairo,30.048819,31.243666,0,0,0,0,0,0,0,0,0,0,0,0,0,0,0,0,0,0,0,0,0,0,0,0,0,0,0,0,0,0,0,0,0,0,0,0,0,0,0,0,0,0,0,0,0,1,1,1,1,1,1,1,1,1,1,1,1,1,1,1,1,2,2,3,3,3,15,32,49,55,59,60,80,93,93,110,126,166,196,210,256,285,294,327,366,442,456,495,536,576,609,656,710,779,779,985,1070,1073,1322,1560,1699,1794,1939,2065,2190,2350,2505,2673,2844,3032,3144,3333,3490,3490,3659,4092,4319,4319,4782,5042,5268,5537,5895
El Salvador,SLV,San Salvador,13.697759,-89.19301,0,0,0,0,0,0,0,0,0,0,0,0,0,0,0,0,0,0,0,0,0,0,0,0,0,0,0,0,0,0,0,0,0,0,0,0,0,0,0,0,0,0,0,0,0,0,0,0,0,0,0,0,0,0,0,0,0,0,0,0,0,0,0,0,0,0,0,0,0,0,0,0,0,0,0,0,0,0,1,1,3,3,3,5,9,13,13,13,19,30,32,32,41,46,56,62,69,78,78,103,117,118,118,125,149,159,159,164,177,190,201,218,225,237,250,261,298,298,323,345,377,424,446
Estonia,EST,Tallinn,59.437216,24.745369,0,0,0,0,0,0,0,0,0,0,0,0,0,0,0,0,0,0,0,0,0,0,0,0,0,0,0,0,0,0,0,0,0,0,0,0,0,0,0,0,0,0,0,0,0,0,0,0,0,0,0,0,0,0,0,0,0,0,1,1,1,1,2,2,4,5,10,11,12,12,13,16,27,79,115,171,205,225,258,267,283,306,326,352,369,404,538,575,640,679,715,745,779,858,961,1018,1097,1108,1149,1185,1207,1258,1304,1309,1332,1373,1402,1434,1459,1512,1528,1535,1552,1559,1592,1605,1635,1643,1647,1660,1666,1689,1694
eSwatini,SWZ,Mbabane,-26.316667,31.133333,0,0,0,0,0,0,0,0,0,0,0,0,0,0,0,0,0,0,0,0,0,0,0,0,0,0,0,0,0,0,0,0,0,0,0,0,0,0,0,0,0,0,0,0,0,0,0,0,0,0,0,0,0,0,0,0,0,0,0,0,0,0,0,0,0,0,0,0,0,0,0,0,0,0,1,1,1,1,1,1,1,1,4,4,4,4,6,9,9,9,9,9,9,9,9,9,9,10,10,12,12,12,14,14,15,15,16,16,19,19,22,24,24,31,32,40,40,59,65,71,91,100,106
Ethiopia,ETH,Addis Ababa,9,38.75,0,0,0,0,0,0,0,0,0,0,0,0,0,0,0,0,0,0,0,0,0,0,0,0,0,0,0,0,0,0,0,0,0,0,0,0,0,0,0,0,0,0,0,0,0,0,0,0,0,0,0,0,0,0,0,0,0,0,0,0,0,0,0,0,0,0,0,0,0,0,0,0,0,1,1,4,5,5,6,7,9,9,11,11,11,12,12,16,16,16,23,25,29,29,35,38,43,44,52,55,56,65,69,71,74,82,85,92,96,105,108,111,114,116,116,117,122,123,124,126,130,131,133
Finland,FIN,Helsinki,60.167409,24.942568,0,0,0,0,0,0,0,0,0,0,0,0,0,0,0,0,0,0,0,0,0,0,0,0,0,0,0,0,0,1,1,1,1,1,1,1,1,1,1,1,1,1,1,1,1,1,1,1,1,1,1,1,1,1,1,1,1,2,2,3,3,6,7,7,10,12,19,25,30,40,50,59,155,183,210,267,272,319,369,400,450,521,626,700,792,880,958,1025,1218,1218,1313,1384,1446,1518,1615,1882,1927,2176,2308,2487,2605,2769,2905,2974,3064,3161,3237,3369,3489,3681,3783,3868,4014,4129,4284,4395,4475,4576,4695,4740,4906,4995,5051
France,FRA,Paris,48.85661,2.351499,0,0,0,0,0,0,0,0,0,0,0,0,0,0,0,0,0,0,0,0,0,0,0,0,3,3,3,3,4,5,6,6,6,6,6,6,6,6,11,11,11,11,11,11,11,11,11,12,12,12,12,12,12,12,12,12,14,17,38,57,100,130,178,212,285,423,613,716,1126,1412,1784,2281,2876,3661,4499,5423,6633,7730,9134,10995,12612,14459,16018,19856,22302,25233,29155,32964,37575,40174,44550,52128,56989,59105,64338,68605,70478,74390,78167,82048,86334,90676,93790,95403,98076,103573,106206,108847,109252,111821,112606,114657,117324,119151,120804,122577,124114,124575,125770,126835,128442,129581,130185
Gabon,GAB,Libreville,0.390002,9.454001,0,0,0,0,0,0,0,0,0,0,0,0,0,0,0,0,0,0,0,0,0,0,0,0,0,0,0,0,0,0,0,0,0,0,0,0,0,0,0,0,0,0,0,0,0,0,0,0,0,0,0,0,0,0,0,0,0,0,0,0,0,0,0,0,0,0,0,0,0,0,0,0,1,1,1,1,1,1,3,3,3,3,6,6,6,6,7,7,7,7,7,16,18,18,21,21,21,21,30,33,44,46,49,57,57,75,87,95,108,109,109,120,156,166,167,172,176,176,211,238,276,276,308
Gambia,GMB,Banjul,13.45535,-16.575646,0,0,0,0,0,0,0,0,0,0,0,0,0,0,0,0,0,0,0,0,0,0,0,0,0,0,0,0,0,0,0,0,0,0,0,0,0,0,0,0,0,0,0,0,0,0,0,0,0,0,0,0,0,0,0,0,0,0,0,0,0,0,0,0,0,0,0,0,0,0,0,0,0,0,0,0,0,1,1,1,1,1,1,2,3,3,3,3,3,3,4,4,4,4,4,4,4,4,4,4,4,4,9,9,9,9,9,9,9,9,10,10,10,10,10,10,10,10,10,10,11,12,12
Germany,DEU,Berlin,52.517037,13.38886,0,0,0,0,0,0,0,0,0,0,0,0,0,0,0,0,0,0,0,0,0,0,0,0,0,0,0,1,4,4,5,7,8,9,11,11,11,12,13,13,13,13,15,15,15,15,15,15,15,15,15,15,15,15,15,15,17,21,47,57,111,129,157,196,262,400,684,847,902,1139,1296,1567,2369,3062,3795,4838,6012,7156,8198,14138,18187,21463,24774,29212,31554,36508,42288,48582,52547,57298,61913,67366,73522,79696,85778,91714,95391,99225,103228,108202,113525,117658,120479,123016,125098,127584,130450,133830,137439,139897,141672,143457,145694,148046,150383,152438,154175,155193,156337,157641,159119,159119,161703
Ghana,GHA,Accra,5.560014,-0.205744,0,0,0,0,0,0,0,0,0,0,0,0,0,0,0,0,0,0,0,0,0,0,0,0,0,0,0,0,0,0,0,0,0,0,0,0,0,0,0,0,0,0,0,0,0,0,0,0,0,0,0,0,0,0,0,0,0,0,0,0,0,0,0,0,0,0,0,0,0,0,0,0,2,2,2,2,6,6,7,11,16,21,24,27,53,68,132,137,141,152,152,152,195,204,205,214,214,287,287,313,378,378,408,566,566,636,641,641,641,834,1042,1042,1042,1154,1154,1279,1279,1550,1550,1671,1671,2074,2074
Greece,GRC,Athens,37.983972,23.727806,0,0,0,0,0,0,0,0,0,0,0,0,0,0,0,0,0,0,0,0,0,0,0,0,0,0,0,0,0,0,0,0,0,0,0,0,0,0,0,0,0,0,0,0,0,0,0,0,0,0,0,0,0,0,0,0,0,1,3,4,7,7,8,9,10,32,45,66,73,84,90,99,133,190,228,331,352,387,418,464,495,530,624,695,743,821,892,966,1061,1156,1212,1314,1375,1514,1613,1673,1735,1755,1832,1884,1955,2011,2081,2114,2145,2170,2192,2207,2207,2207,2235,2245,2401,2408,2463,2490,2506,2506,2534,2534,2576,2591,2591
Greenland,GRL,Nuuk,64.175029,-51.735539,0,0,0,0,0,0,0,0,0,0,0,0,0,0,0,0,0,0,0,0,0,0,0,0,0,0,0,0,0,0,0,0,0,0,0,0,0,0,0,0,0,0,0,0,0,0,0,0,0,0,0,0,0,0,0,0,0,0,0,0,0,0,0,0,0,0,0,0,0,0,0,0,0,0,0,0,0,0,0,2,2,2,2,4,4,5,6,9,10,10,10,10,10,10,10,10,11,11,11,11,11,11,11,11,11,11,11,11,11,11,11,11,11,11,11,11,11,11,11,11,11,11,11
Guam,GUM,Hagåtña,13.477344,144.752191,0,0,0,0,0,0,0,0,0,0,0,0,0,0,0,0,0,0,0,0,0,0,0,0,0,0,0,0,0,0,0,0,0,0,0,0,0,0,0,0,0,0,0,0,0,0,0,0,0,0,0,0,0,0,0,0,0,0,0,0,0,0,0,0,0,0,0,0,0,0,0,0,0,0,0,0,0,0,3,12,14,15,27,29,32,37,49,51,55,56,60,69,77,82,87,93,110,112,121,125,128,130,133,133,134,135,135,135,136,136,136,136,136,137,140,141,141,142,144,145,145,146,146
Guatemala,GTM,Guatemala City,14.641789,-90.513224,0,0,0,0,0,0,0,0,0,0,0,0,0,0,0,0,0,0,0,0,0,0,0,0,0,0,0,0,0,0,0,0,0,0,0,0,0,0,0,0,0,0,0,0,0,0,0,0,0,0,0,0,0,0,0,0,0,0,0,0,0,0,0,0,0,0,0,0,0,0,0,0,0,0,1,1,6,6,8,9,13,17,19,20,21,24,25,32,34,36,36,38,46,47,50,61,70,74,80,87,126,137,153,156,167,180,196,214,235,257,289,294,316,342,384,430,473,500,530,557,585,599,644
Guyana,GUY,Georgetown,6.801111,-58.155278,0,0,0,0,0,0,0,0,0,0,0,0,0,0,0,0,0,0,0,0,0,0,0,0,0,0,0,0,0,0,0,0,0,0,0,0,0,0,0,0,0,0,0,0,0,0,0,0,0,0,0,0,0,0,0,0,0,0,0,0,0,0,0,0,0,0,0,0,0,0,0,0,1,2,3,4,4,4,5,5,5,5,5,5,5,5,5,5,8,8,8,12,19,19,23,24,29,31,33,37,37,40,45,45,47,48,55,57,63,63,65,66,67,67,70,73,74,74,74,75,78,82,82
Honduras,HND,Tegucigalpa,14.093192,-87.201263,0,0,0,0,0,0,0,0,0,0,0,0,0,0,0,0,0,0,0,0,0,0,0,0,0,0,0,0,0,0,0,0,0,0,0,0,0,0,0,0,0,0,0,0,0,0,0,0,0,0,0,0,0,0,0,0,0,0,0,0,0,0,0,0,0,0,0,0,0,0,0,2,3,3,5,6,8,9,12,24,24,26,27,30,36,52,67,95,110,139,141,172,219,222,264,268,298,305,312,343,382,392,393,397,407,419,426,442,457,472,477,494,510,519,519,591,627,661,693,738,771,804,899
Hong Kong,HKG,Hong Kong,22.3,114.2,0,0,0,0,0,0,0,0,0,0,0,0,0,0,0,0,0,0,0,0,0,0,2,2,5,8,8,8,10,10,12,13,15,15,17,21,24,25,26,29,38,49,50,53,56,56,57,60,62,63,68,68,69,74,79,84,91,92,94,95,96,100,100,105,105,107,108,114,115,120,126,129,134,140,145,155,162,181,208,256,273,317,356,386,410,453,519,561,641,682,714,765,802,845,862,890,914,935,960,973,989,1000,1004,1009,1012,1017,1017,1021,1024,1025,1025,1029,1033,1035,1035,1037,1037,1037,1037,1037,1037,1039,1039
Hungary,HUN,Budapest,47.498382,19.040471,0,0,0,0,0,0,0,0,0,0,0,0,0,0,0,0,0,0,0,0,0,0,0,0,0,0,0,0,0,0,0,0,0,0,0,0,0,0,0,0,0,0,0,0,0,0,0,0,0,0,0,0,0,0,0,0,0,0,0,0,0,0,0,0,2,3,4,7,8,9,12,13,16,25,31,39,50,50,73,85,103,131,167,187,226,261,300,343,408,447,492,525,585,623,678,733,744,817,895,980,1190,1310,1410,1458,1512,1579,1652,1763,1834,1916,1984,2098,2168,2284,2383,2443,2500,2583,2649,2727,2775,2863,2942
Iceland,ISL,Reykjavík,64.145981,-21.942237,0,0,0,0,0,0,0,0,0,0,0,0,0,0,0,0,0,0,0,0,0,0,0,0,0,0,0,0,0,0,0,0,0,0,0,0,0,0,0,0,0,0,0,0,0,0,0,0,0,0,0,0,0,0,0,0,0,0,0,1,1,3,6,16,26,35,43,53,55,65,70,85,117,117,138,178,199,247,250,330,409,473,568,588,648,737,802,890,963,1020,1086,1135,1220,1319,1364,1417,1486,1562,1586,1616,1648,1675,1689,1701,1711,1720,1727,1739,1754,1760,1771,1773,1778,1785,1789,1789,1790,1792,1792,1795,1797,1797,1798
India,IND,New Delhi,28.614179,77.202266,0,0,0,0,0,0,0,0,0,0,0,0,0,0,0,0,0,0,0,0,0,0,0,0,0,0,0,0,0,1,1,1,2,2,3,3,3,3,3,3,3,3,3,3,3,3,3,3,3,3,3,3,3,3,3,3,3,3,3,3,3,3,5,6,28,29,31,34,39,44,50,73,75,83,90,93,125,137,165,191,231,320,439,492,562,649,724,873,979,1071,1251,1397,1965,2301,2902,3374,4067,4421,5194,5734,6412,7447,8356,9152,10363,11438,12380,13387,14378,15712,17265,18600,19984,21393,23077,24506,26496,27892,29435,31332,33050,35043,37336
Indonesia,IDN,Jakarta,-6.175394,106.827183,0,0,0,0,0,0,0,0,0,0,0,0,0,0,0,0,0,0,0,0,0,0,0,0,0,0,0,0,0,0,0,0,0,0,0,0,0,0,0,0,0,0,0,0,0,0,0,0,0,0,0,0,0,0,0,0,0,0,0,0,0,2,2,3,3,4,4,5,6,13,19,34,52,69,96,117,134,172,172,227,309,450,514,579,686,790,893,1046,1155,1285,1414,1528,1677,1790,1986,2092,2273,2491,2738,2956,3293,3512,3842,4241,4557,4839,5136,5516,5923,6248,6575,6760,7135,7418,7775,8211,8607,8882,9096,9511,9771,10118,10551
Iran,IRN,Tehran,35.700618,51.401379,0,0,0,0,0,0,0,0,0,0,0,0,0,0,0,0,0,0,0,0,0,0,0,0,0,0,0,0,0,0,0,0,0,0,0,0,0,0,0,0,0,0,0,0,0,0,0,0,0,0,2,5,18,28,43,61,95,139,245,388,593,978,1501,2336,2922,3513,4747,5823,6566,7161,8042,9000,10075,11364,12729,13938,14991,16169,17361,18407,19644,20610,21638,23049,24811,27017,29406,32332,35408,38309,41495,44606,47593,50468,50468,55743,58226,60500,62589,64586,66220,68192,70029,71686,73303,74877,76389,77995,79494,80868,82211,83505,84802,85996,87026,88194,89328,90481,91472,92584,93657,94640,95646
Iraq,IRQ,Baghdad,33.302431,44.378799,0,0,0,0,0,0,0,0,0,0,0,0,0,0,0,0,0,0,0,0,0,0,0,0,0,0,0,0,0,0,0,0,0,0,0,0,0,0,0,0,0,0,0,0,0,0,0,0,0,0,0,0,0,0,0,1,5,5,6,7,13,19,21,26,31,38,46,54,61,61,61,70,74,85,85,124,124,154,164,177,193,214,233,266,316,346,382,458,506,547,630,694,694,772,772,878,961,1031,1031,1202,1232,1279,1318,1352,1378,1400,1415,1434,1482,1482,1539,1574,1602,1602,1677,1708,1763,1820,1847,1847,2003,2085,2153
Ireland,IRL,Dublin,53.349765,-6.260273,0,0,0,0,0,0,0,0,0,0,0,0,0,0,0,0,0,0,0,0,0,0,0,0,0,0,0,0,0,0,0,0,0,0,0,0,0,0,0,0,0,0,0,0,0,0,0,0,0,0,0,0,0,0,0,0,0,0,0,0,1,1,2,2,6,13,18,19,21,28,35,43,70,91,129,169,223,292,366,557,683,785,906,1125,1329,1564,1819,2121,2415,2615,2910,3235,3447,3849,4273,4604,5111,5364,5709,6224,7393,8089,8928,9655,10647,11479,12547,13271,13980,14758,15251,15652,16040,16671,17607,18184,18561,19262,19648,19877,20253,20612,20833
Israel,ISR,Jerusalem,31.789118,35.222973,0,0,0,0,0,0,0,0,0,0,0,0,0,0,0,0,0,0,0,0,0,0,0,0,0,0,0,0,0,0,0,0,0,0,0,0,0,0,0,0,0,0,0,0,0,0,0,0,0,0,0,0,1,1,2,2,2,2,3,7,7,10,12,13,15,17,19,25,39,55,70,82,96,116,178,250,260,427,433,677,712,883,1071,1442,1930,2369,2666,3035,3619,4247,4473,4916,5591,6252,7428,8018,8430,8904,9248,9404,9968,10408,10743,11145,11586,12046,12501,12758,12982,13265,13491,13713,13942,14592,14882,15058,15298,15398,15466,15589,15834,15946,16101
Italy,ITA,Rome,41.894802,12.485338,0,0,0,0,0,0,0,0,0,0,0,0,0,0,0,0,0,0,0,0,0,0,0,0,0,0,0,0,0,0,3,3,3,3,3,3,3,3,3,3,3,3,3,3,3,3,3,3,3,3,3,3,17,79,132,229,322,400,650,888,1128,1689,2036,2502,3089,3858,4636,5883,7375,9172,10149,12462,15113,17660,21157,23980,27980,31506,35713,41035,47021,53578,59138,63927,69176,74386,80539,86498,92472,97689,101739,105792,110574,115242,119827,124632,128948,132547,135586,139422,143626,147577,152271,156363,159516,162488,165155,168941,172434,175925,178972,181228,183957,187327,189973,192994,195351,197675,199414,201505,203591,205463,207428
Jamaica,JAM,Kingston,17.971215,-76.792813,0,0,0,0,0,0,0,0,0,0,0,0,0,0,0,0,0,0,0,0,0,0,0,0,0,0,0,0,0,0,0,0,0,0,0,0,0,0,0,0,0,0,0,0,0,0,0,0,0,0,0,0,0,0,0,0,0,0,0,0,0,0,0,0,0,0,0,0,0,0,0,2,6,8,9,10,10,13,15,16,19,19,19,19,21,25,26,26,32,34,38,38,44,47,53,55,58,59,63,63,63,65,69,72,73,105,125,143,163,173,196,223,233,252,252,288,305,350,364,381,396,422,432
Japan,JPN,Tokyo,34.696864,139.404903,0,0,0,0,0,0,0,0,0,0,0,0,0,0,1,1,1,1,1,1,1,1,1,2,2,3,3,4,7,11,14,15,19,20,20,25,25,25,25,25,25,25,25,29,30,38,52,59,59,66,84,93,105,132,144,144,164,186,210,230,239,254,254,268,317,349,408,455,488,514,568,619,675,737,780,814,824,829,873,950,1007,1046,1089,1128,1193,1268,1364,1499,1693,1866,1953,1953,2178,2617,2935,3271,3654,3817,3906,4257,4667,5347,6748,7255,7645,8100,8582,9167,9795,10361,10751,11118,11496,11772,12240,12892,13182,13385,13576,13852,14088,14281,14544
Jordan,JOR,Amman,31.951569,35.923963,0,0,0,0,0,0,0,0,0,0,0,0,0,0,0,0,0,0,0,0,0,0,0,0,0,0,0,0,0,0,0,0,0,0,0,0,0,0,0,0,0,0,0,0,0,0,0,0,0,0,0,0,0,0,0,0,0,0,0,0,0,0,1,1,1,1,1,1,1,1,1,1,1,1,1,15,16,35,52,56,69,84,99,112,127,153,172,212,235,259,268,274,278,299,299,323,345,349,349,358,372,372,381,389,391,397,401,402,407,413,417,425,425,428,437,441,444,447,449,449,451,453,459
Kazakhstan,KAZ,Astana,51.150921,71.43886,0,0,0,0,0,0,0,0,0,0,0,0,0,0,0,0,0,0,0,0,0,0,0,0,0,0,0,0,0,0,0,0,0,0,0,0,0,0,0,0,0,0,0,0,0,0,0,0,0,0,0,0,0,0,0,0,0,0,0,0,0,0,0,0,0,0,0,0,0,0,0,0,0,0,6,9,11,33,37,49,53,56,60,62,79,88,120,193,229,284,325,340,348,386,460,460,531,670,704,759,802,840,880,961,1179,1267,1331,1470,1591,1654,1735,1949,2025,2191,2334,2482,2652,2717,2860,3063,3205,3504,3671
Kenya,KEN,Nairobi,-1.283253,36.817245,0,0,0,0,0,0,0,0,0,0,0,0,0,0,0,0,0,0,0,0,0,0,0,0,0,0,0,0,0,0,0,0,0,0,0,0,0,0,0,0,0,0,0,0,0,0,0,0,0,0,0,0,0,0,0,0,0,0,0,0,0,0,0,0,0,0,0,0,0,0,0,0,0,1,1,3,3,4,7,7,7,7,15,16,25,25,31,31,38,42,50,59,81,110,122,126,142,158,172,179,184,189,191,197,208,216,225,234,246,262,270,281,281,303,320,336,343,355,363,374,384,396,411
Kosovo,RKS,Pristina,42.663877,21.164085,0,0,0,0,0,0,0,0,0,0,0,0,0,0,0,0,0,0,0,0,0,0,0,0,0,0,0,0,0,0,0,0,0,0,0,0,0,0,0,0,0,0,0,0,0,0,0,0,0,0,0,0,0,0,0,0,0,0,0,0,0,0,0,0,0,0,0,0,0,0,0,0,0,0,0,0,0,0,0,0,0,0,0,0,0,71,86,91,94,94,112,125,125,126,135,145,145,170,184,184,250,283,283,283,387,387,449,480,510,561,598,604,630,669,703,731,763,780,790,799,806,806,823
Kuwait,KWT,Kuwait City,29.379709,47.973563,0,0,0,0,0,0,0,0,0,0,0,0,0,0,0,0,0,0,0,0,0,0,0,0,0,0,0,0,0,0,0,0,0,0,0,0,0,0,0,0,0,0,0,0,0,0,0,0,0,0,0,0,0,0,3,5,11,26,43,45,45,46,56,57,57,58,60,61,64,65,69,72,80,100,104,112,123,130,142,148,159,176,188,189,191,195,208,225,235,255,266,289,317,342,342,479,556,665,743,855,910,993,1154,1234,1300,1355,1405,1524,1658,1752,1915,1995,2080,2248,2399,2614,2892,3075,3288,3440,3740,4024,4377
Kyrgyz Republic,KGZ,Bishkek,42.879758,74.586688,0,0,0,0,0,0,0,0,0,0,0,0,0,0,0,0,0,0,0,0,0,0,0,0,0,0,0,0,0,0,0,0,0,0,0,0,0,0,0,0,0,0,0,0,0,0,0,0,0,0,0,0,0,0,0,0,0,0,0,0,0,0,0,0,0,0,0,0,0,0,0,0,0,0,0,0,0,0,3,6,6,14,14,16,42,44,44,58,84,84,84,107,112,125,144,144,216,228,270,280,298,339,377,419,430,449,466,489,506,554,568,590,612,631,656,665,682,695,708,729,746,746,769
Laos,LAO,Vientiane,17.964099,102.613371,0,0,0,0,0,0,0,0,0,0,0,0,0,0,0,0,0,0,0,0,0,0,0,0,0,0,0,0,0,0,0,0,0,0,0,0,0,0,0,0,0,0,0,0,0,0,0,0,0,0,0,0,0,0,0,0,0,0,0,0,0,0,0,0,0,0,0,0,0,0,0,0,0,0,0,0,0,0,0,0,0,0,0,0,2,2,6,6,6,6,9,9,10,10,10,10,11,12,12,15,16,16,18,19,19,19,19,19,19,19,19,19,19,19,19,19,19,19,19,19,19,19,19
Lebanon,LBN,Beirut,33.89592,35.47843,0,0,0,0,0,0,0,0,0,0,0,0,0,0,0,0,0,0,0,0,0,0,0,0,0,0,0,0,0,0,0,0,0,0,0,0,0,0,0,0,0,0,0,0,0,0,0,0,0,0,0,0,1,1,1,1,1,2,3,3,4,10,13,14,15,16,22,27,32,41,41,61,66,80,93,99,120,120,133,149,163,230,248,267,304,333,368,391,412,438,446,463,479,494,494,520,527,541,548,575,582,609,619,630,632,641,658,663,668,672,673,677,677,682,688,696,704,707,710,717,721,725,729
Lesotho,LSO,Maseru,-29.310054,27.478222,0,0,0,0,0,0,0,0,0,0,0,0,0,0,0,0,0,0,0,0,0,0,0,0,0,0,0,0,0,0,0,0,0,0,0,0,0,0,0,0,0,0,0,0,0,0,0,0,0,0,0,0,0,0,0,0,0,0,0,0,0,0,0,0,0,0,0,0,0,0,0,0,0,0,0,0,0,0,0,0,0,0,0,0,0,0,0,0,0,0,0,0,0,0,0,0,0,0,0,0,0,0,0,0,0,0,0,0,0,0,0,0,0,0,0,0,0,0,0,0,0,0,0
Libya,LBY,Tripoli,32.896672,13.177792,0,0,0,0,0,0,0,0,0,0,0,0,0,0,0,0,0,0,0,0,0,0,0,0,0,0,0,0,0,0,0,0,0,0,0,0,0,0,0,0,0,0,0,0,0,0,0,0,0,0,0,0,0,0,0,0,0,0,0,0,0,0,0,0,0,0,0,0,0,0,0,0,0,0,0,0,0,0,0,0,0,0,0,0,1,1,1,1,1,8,8,10,10,11,11,18,18,18,19,21,24,24,25,25,26,35,48,49,49,49,49,51,51,59,60,61,61,61,61,61,61,61,63
Luxembourg,LUX,Luxembourg,49.815868,6.129675,0,0,0,0,0,0,0,0,0,0,0,0,0,0,0,0,0,0,0,0,0,0,0,0,0,0,0,0,0,0,0,0,0,0,0,0,0,0,0,0,0,0,0,0,0,0,0,0,0,0,0,0,0,0,0,0,0,0,0,0,1,1,1,2,2,3,3,4,5,6,7,7,26,38,58,77,81,140,210,345,484,670,798,875,1099,1333,1453,1605,1831,1950,1988,2178,2319,2487,2612,2729,2804,2843,2970,3034,3115,3223,3270,3281,3292,3307,3373,3444,3480,3537,3550,3558,3618,3654,3665,3695,3711,3723,3729,3741,3769,3784,3802
Macao,MAC,Macau,22.2,113.55,0,0,0,0,0,0,0,0,0,0,0,0,0,0,0,0,0,0,0,0,0,1,2,2,2,5,6,7,7,7,7,7,8,8,10,10,10,10,10,10,10,10,10,10,10,10,10,10,10,10,10,10,10,10,10,10,10,10,10,10,10,10,10,10,10,10,10,10,10,10,10,10,10,10,10,11,12,15,17,17,18,24,24,25,30,31,33,37,37,38,41,41,41,43,43,44,44,44,45,45,45,45,45,45,45,45,45,45,45,45,45,45,45,45,45,45,45,45,45,45,45,45,45
Madagascar,MDG,Antananarivo,-18.910012,47.525581,0,0,0,0,0,0,0,0,0,0,0,0,0,0,0,0,0,0,0,0,0,0,0,0,0,0,0,0,0,0,0,0,0,0,0,0,0,0,0,0,0,0,0,0,0,0,0,0,0,0,0,0,0,0,0,0,0,0,0,0,0,0,0,0,0,0,0,0,0,0,0,0,0,0,0,0,0,0,0,0,3,3,3,17,19,19,23,24,28,37,44,46,54,59,65,71,72,77,85,93,93,102,102,106,106,108,110,111,117,117,121,121,121,121,121,122,124,124,128,128,128,132,135
Malawi,MWI,Lilongwe,-13.973456,33.787812,0,0,0,0,0,0,0,0,0,0,0,0,0,0,0,0,0,0,0,0,0,0,0,0,0,0,0,0,0,0,0,0,0,0,0,0,0,0,0,0,0,0,0,0,0,0,0,0,0,0,0,0,0,0,0,0,0,0,0,0,0,0,0,0,0,0,0,0,0,0,0,0,0,0,0,0,0,0,0,0,0,0,0,0,0,0,0,0,0,0,0,0,0,3,3,4,4,5,8,8,8,9,12,13,16,16,16,16,17,17,17,17,18,23,33,33,33,34,36,36,36,37,37
Malaysia,MYS,Kuala Lumpur,3.154687,101.713636,0,0,0,0,0,0,0,0,0,0,0,0,0,0,0,0,0,0,0,0,0,0,0,0,3,4,4,4,7,7,8,8,8,8,8,10,12,14,15,16,18,18,18,18,19,21,22,22,22,22,22,22,22,22,22,22,22,22,23,25,25,29,33,36,50,50,83,93,99,117,129,149,158,197,238,428,553,673,790,900,1030,1183,1306,1518,1624,1796,2031,2161,2320,2470,2626,2766,2908,3116,3333,3483,3662,3793,3963,4119,4228,4346,4530,4683,4817,4987,5072,5182,5251,5305,5389,5425,5482,5532,5603,5691,5742,5780,5820,5851,5945,6002,6071
Mali,MLI,Bamako,12.649319,-8.000337,0,0,0,0,0,0,0,0,0,0,0,0,0,0,0,0,0,0,0,0,0,0,0,0,0,0,0,0,0,0,0,0,0,0,0,0,0,0,0,0,0,0,0,0,0,0,0,0,0,0,0,0,0,0,0,0,0,0,0,0,0,0,0,0,0,0,0,0,0,0,0,0,0,0,0,0,0,0,0,0,0,0,0,0,0,2,4,4,9,18,18,18,28,36,39,41,45,47,56,59,59,87,105,116,123,144,148,171,190,216,224,246,258,293,309,325,370,389,408,424,482,490,508
Mauritania,MRT,Nouakchott,18.079238,-15.978007,0,0,0,0,0,0,0,0,0,0,0,0,0,0,0,0,0,0,0,0,0,0,0,0,0,0,0,0,0,0,0,0,0,0,0,0,0,0,0,0,0,0,0,0,0,0,0,0,0,0,0,0,0,0,0,0,0,0,0,0,0,0,0,0,0,0,0,0,0,0,0,0,0,0,1,1,1,1,1,2,2,2,2,2,2,2,3,3,5,5,5,5,5,6,6,6,6,6,6,6,7,7,7,7,7,7,7,7,7,7,7,7,7,7,7,7,7,7,7,7,7,8,8
Mauritius,MUS,Port Louis,-20.163728,57.504533,0,0,0,0,0,0,0,0,0,0,0,0,0,0,0,0,0,0,0,0,0,0,0,0,0,0,0,0,0,0,0,0,0,0,0,0,0,0,0,0,0,0,0,0,0,0,0,0,0,0,0,0,0,0,0,0,0,0,0,0,0,0,0,0,0,0,0,0,0,0,0,0,0,0,0,0,0,0,0,3,12,14,28,36,42,48,81,94,102,110,128,143,154,169,186,196,227,244,268,273,314,318,319,324,324,324,324,324,324,325,328,328,328,329,331,331,331,332,334,334,334,334,334
Mexico,MEX,Mexico City,19.432601,-99.133342,0,0,0,0,0,0,0,0,0,0,0,0,0,0,0,0,0,0,0,0,0,0,0,0,0,0,0,0,0,0,0,0,0,0,0,0,0,0,0,0,0,0,0,0,0,0,0,0,0,0,0,0,0,0,0,0,0,0,0,2,4,5,5,6,6,6,6,7,7,8,10,11,16,26,41,53,82,93,118,164,203,251,316,367,405,475,585,717,848,993,1094,1215,1378,1510,1688,1890,2143,2439,2785,3181,3441,3844,4219,4661,5014,5399,5847,6297,6875,7497,8261,8772,9501,10544,11633,12872,13842,14677,15529,16752,17799,19224,20739
Moldova,MDA,Chisinau,47.012274,28.860594,0,0,0,0,0,0,0,0,0,0,0,0,0,0,0,0,0,0,0,0,0,0,0,0,0,0,0,0,0,0,0,0,0,0,0,0,0,0,0,0,0,0,0,0,0,0,0,0,0,0,0,0,0,0,0,0,0,0,0,0,0,0,0,0,0,0,0,1,2,2,3,4,6,8,20,23,29,30,36,49,66,80,94,109,125,149,177,199,231,263,298,353,423,505,591,752,864,965,1056,1174,1289,1438,1560,1662,1712,1934,2049,2154,2264,2351,2472,2548,2614,2778,2926,3110,3304,3408,3481,3638,3771,3897,3980
Mongolia,MNG,Ulaanbaatar,47.949809,106.966724,0,0,0,0,0,0,0,0,0,0,0,0,0,0,0,0,0,0,0,0,0,0,0,0,0,0,0,0,0,0,0,0,0,0,0,0,0,0,0,0,0,0,0,0,0,0,0,0,0,0,0,0,0,0,0,0,0,0,0,0,0,0,0,0,0,0,0,0,0,1,1,1,1,1,1,2,3,4,5,5,6,10,10,10,10,10,11,11,12,12,12,12,14,14,14,14,14,15,15,16,16,16,16,16,16,30,30,31,31,31,32,34,35,35,36,36,38,38,38,38,38,38,39
Morocco,MAR,Rabat,34.022405,-6.834543,0,0,0,0,0,0,0,0,0,0,0,0,0,0,0,0,0,0,0,0,0,0,0,0,0,0,0,0,0,0,0,0,0,0,0,0,0,0,0,0,0,0,0,0,0,0,0,0,0,0,0,0,0,0,0,0,0,0,0,0,0,0,1,1,2,2,3,3,4,4,5,5,6,7,18,28,37,44,54,63,86,96,115,134,170,225,275,345,358,479,556,617,654,708,708,919,1021,1120,1184,1275,1374,1448,1545,1661,1763,1888,2024,2283,2564,2685,2855,3046,3209,3377,3568,3758,3897,4065,4120,4252,4321,4423,4569
Mozambique,MOZ,Maputo,-25.966213,32.56745,0,0,0,0,0,0,0,0,0,0,0,0,0,0,0,0,0,0,0,0,0,0,0,0,0,0,0,0,0,0,0,0,0,0,0,0,0,0,0,0,0,0,0,0,0,0,0,0,0,0,0,0,0,0,0,0,0,0,0,0,0,0,0,0,0,0,0,0,0,0,0,0,0,0,0,0,0,0,0,0,0,0,1,1,1,5,7,7,8,8,8,8,10,10,10,10,10,10,10,17,17,20,20,21,27,28,29,31,34,35,39,39,39,41,46,65,70,76,76,76,76,76,79
Myanmar,MMR,Naypyidaw,19.754005,96.134498,0,0,0,0,0,0,0,0,0,0,0,0,0,0,0,0,0,0,0,0,0,0,0,0,0,0,0,0,0,0,0,0,0,0,0,0,0,0,0,0,0,0,0,0,0,0,0,0,0,0,0,0,0,0,0,0,0,0,0,0,0,0,0,0,0,0,0,0,0,0,0,0,0,0,0,0,0,0,1,1,1,1,2,2,3,3,5,5,8,8,14,15,16,20,20,21,21,22,22,22,27,28,31,41,62,74,74,85,94,107,111,119,121,127,132,144,146,146,146,150,150,151,151
Namibia,NAM,Windhoek,-22.553039,17.054379,0,0,0,0,0,0,0,0,0,0,0,0,0,0,0,0,0,0,0,0,0,0,0,0,0,0,0,0,0,0,0,0,0,0,0,0,0,0,0,0,0,0,0,0,0,0,0,0,0,0,0,0,0,0,0,0,0,0,0,0,0,0,0,0,0,0,0,0,0,0,0,0,0,0,698,698,698,698,698,698,699,699,699,699,699,700,704,704,704,707,707,707,709,709,710,710,712,712,712,712,712,712,712,712,712,712,712,712,712,712,712,712,712,712,712,712,712,712,712,712,712,712,712
Netherlands,NLD,Amsterdam,52.37454,4.897976,0,0,0,0,0,0,0,0,0,0,0,0,0,0,0,0,0,0,0,0,0,0,0,0,0,0,0,0,0,0,0,0,0,0,0,0,0,0,0,0,0,0,0,0,0,0,0,0,0,0,0,0,0,0,0,0,0,0,1,2,7,13,18,28,38,82,128,188,265,321,382,503,614,804,959,1135,1413,1705,2051,2460,2994,3631,4204,4749,5560,6412,7431,8603,9762,10866,11750,12595,13614,14697,15723,16627,17851,18803,19580,20549,21762,23097,24413,25587,26551,27419,28153,29214,30449,31589,32655,33405,34134,34842,35729,36535,37190,37845,38245,38416,38802,39316,39791
New Zealand,NZL,Wellington,-41.288764,174.777224,0,0,0,0,0,0,0,0,0,0,0,0,0,0,0,0,0,0,0,0,0,0,0,0,0,0,0,0,0,0,0,0,0,0,0,0,0,0,0,0,0,0,0,0,0,0,0,0,0,0,0,0,0,0,0,0,0,0,1,1,1,1,2,2,3,4,5,5,5,5,6,6,6,6,8,12,16,20,28,39,53,66,102,142,189,262,338,416,476,552,647,647,723,772,824,872,911,943,969,992,1015,1035,1049,1064,1072,1078,1084,1086,1094,1098,1105,1107,1112,1112,1114,1117,1121,1122,1124,1126,1129,1132,1134
Nicaragua,NIC,Managua,12.146124,-86.273717,0,0,0,0,0,0,0,0,0,0,0,0,0,0,0,0,0,0,0,0,0,0,0,0,0,0,0,0,0,0,0,0,0,0,0,0,0,0,0,0,0,0,0,0,0,0,0,0,0,0,0,0,0,0,0,0,0,0,0,0,0,0,0,0,0,0,0,0,0,0,0,0,0,0,0,0,0,0,1,1,2,2,2,2,2,2,2,2,4,4,4,4,5,5,5,5,5,6,6,6,6,7,7,9,9,9,9,9,9,9,9,9,10,10,10,11,12,13,13,13,14,14,14
Niger,NER,Niamey,13.499814,2.109486,0,0,0,0,0,0,0,0,0,0,0,0,0,0,0,0,0,0,0,0,0,0,0,0,0,0,0,0,0,0,0,0,0,0,0,0,0,0,0,0,0,0,0,0,0,0,0,0,0,0,0,0,0,0,0,0,0,0,0,0,0,0,0,0,0,0,0,0,0,0,0,0,0,0,0,0,0,0,0,0,1,1,1,2,7,7,10,10,10,10,20,20,74,74,98,120,184,253,278,342,410,438,491,529,548,570,584,609,627,639,648,655,655,662,671,681,684,696,701,709,713,719,728
Nigeria,NGA,Abuja,9.064331,7.489297,0,0,0,0,0,0,0,0,0,0,0,0,0,0,0,0,0,0,0,0,0,0,0,0,0,0,0,0,0,0,0,0,0,0,0,0,0,0,0,0,0,0,0,0,0,0,0,0,0,0,0,0,0,0,0,0,0,0,1,1,1,1,1,1,1,2,2,2,2,2,2,2,2,2,2,2,2,3,8,8,12,22,30,40,44,51,65,81,97,97,131,131,151,174,190,210,232,238,254,276,288,305,318,323,343,373,407,442,493,542,627,665,782,873,981,1095,1182,1273,1337,1532,1728,1932,2170
Norway,NOR,Oslo,59.913269,10.739111,0,0,0,0,0,0,0,0,0,0,0,0,0,0,0,0,0,0,0,0,0,0,0,0,0,0,0,0,0,0,0,0,0,0,0,0,0,0,0,0,0,0,0,0,0,0,0,0,0,0,0,0,0,0,0,0,0,1,4,6,15,19,25,33,56,86,113,147,169,192,277,489,621,621,907,1077,1169,1308,1423,1552,1742,1926,2132,2371,2566,2916,3156,3581,3845,4102,4226,4447,4665,4935,5208,5510,5640,5755,5863,6010,6160,6244,6320,6415,6488,6566,6677,6791,6791,6984,7068,7113,7166,7250,7345,7408,7467,7505,7533,7605,7667,7710,7759
Oman,OMN,Muscat,23.51255,58.551373,0,0,0,0,0,0,0,0,0,0,0,0,0,0,0,0,0,0,0,0,0,0,0,0,0,0,0,0,0,0,0,0,0,0,0,0,0,0,0,0,0,0,0,0,0,0,0,0,0,0,0,0,0,0,0,2,4,4,6,6,6,6,7,11,15,16,17,17,18,18,18,19,19,20,20,22,24,24,39,39,48,52,55,66,84,99,109,131,152,167,179,192,210,231,231,277,298,371,419,419,457,484,546,599,813,910,910,1019,1069,1180,1266,1508,1508,1614,1716,1790,1905,1998,2049,2131,2274,2348,2447
Pakistan,PAK,Islamabad,33.666667,73.166667,0,0,0,0,0,0,0,0,0,0,0,0,0,0,0,0,0,0,0,0,0,0,0,0,0,0,0,0,0,0,0,0,0,0,0,0,0,0,0,0,0,0,0,0,0,0,0,0,0,0,0,0,0,0,0,0,0,2,2,2,4,4,5,5,5,6,6,9,13,16,16,20,21,21,30,31,187,187,302,478,495,646,784,887,991,1057,1197,1197,1408,1526,1625,2039,2291,2291,2291,2450,3277,3864,4072,4322,4601,4788,5038,5374,5716,5988,6505,7025,7481,7993,8418,9216,9749,9749,11155,11940,12723,13328,14079,14885,15759,16817,18114
Palestine,PSE,Jerusalem,31.789118,35.222973,0,0,0,0,0,0,0,0,0,0,0,0,0,0,0,0,0,0,0,0,0,0,0,0,0,0,0,0,0,0,0,0,0,0,0,0,0,0,0,0,0,0,0,0,0,0,0,0,0,0,0,0,0,0,0,0,0,0,0,0,0,0,0,0,0,7,16,19,20,20,29,30,33,35,38,38,39,41,44,47,48,52,59,59,60,62,84,91,97,106,115,117,134,155,155,186,217,253,260,263,263,266,268,268,268,287,291,294,307,313,322,329,329,335,336,340,342,495,495,495,507,507,517
Panama,PAN,Panama City,8.983333,-79.516667,0,0,0,0,0,0,0,0,0,0,0,0,0,0,0,0,0,0,0,0,0,0,0,0,0,0,0,0,0,0,0,0,0,0,0,0,0,0,0,0,0,0,0,0,0,0,0,0,0,0,0,0,0,0,0,0,0,0,0,0,0,0,0,0,0,0,0,0,0,1,7,14,27,36,43,43,69,86,109,137,200,245,313,345,443,588,674,786,901,989,1075,1181,1317,1475,1673,1801,1988,2100,2249,2528,2752,2974,3234,3400,3472,3574,3751,4016,4210,4273,4467,4658,4821,4992,5166,5338,5538,5779,6021,6200,6378,6532,6720
Papua New Guinea,PNG,Port Moresby,-9.47433,147.15995,0,0,0,0,0,0,0,0,0,0,0,0,0,0,0,0,0,0,0,0,0,0,0,0,0,0,0,0,0,0,0,0,0,0,0,0,0,0,0,0,0,0,0,0,0,0,0,0,0,0,0,0,0,0,0,0,0,0,0,0,0,0,0,0,0,0,0,0,0,0,0,0,0,0,0,0,0,0,0,0,1,1,1,1,1,1,1,1,1,1,1,1,1,1,1,1,1,1,2,2,2,2,2,2,2,2,2,7,7,7,7,7,7,8,8,8,8,8,8,8,8,8,8
Paraguay,PRY,Asunción,-2.474256,-78.184317,0,0,0,0,0,0,0,0,0,0,0,0,0,0,0,0,0,0,0,0,0,0,0,0,0,0,0,0,0,0,0,0,0,0,0,0,0,0,0,0,0,0,0,0,0,0,0,0,0,0,0,0,0,0,0,0,0,0,0,0,0,0,0,0,0,0,0,1,2,4,5,6,6,7,8,8,9,11,11,13,18,22,22,27,37,41,52,56,59,64,65,69,69,77,96,104,113,113,115,124,129,133,134,147,159,161,174,174,202,202,206,208,213,213,220,223,228,228,230,239,249,266,333
Peru,PER,Lima,-12.062106,-77.036526,0,0,0,0,0,0,0,0,0,0,0,0,0,0,0,0,0,0,0,0,0,0,0,0,0,0,0,0,0,0,0,0,0,0,0,0,0,0,0,0,0,0,0,0,0,0,0,0,0,0,0,0,0,0,0,0,0,0,0,0,0,0,0,0,0,0,1,4,7,9,11,17,22,38,43,71,86,117,145,234,263,318,363,395,416,558,580,635,671,852,950,1065,1323,1414,1595,1746,2281,2561,2954,4342,5256,5897,6848,7519,7519,10303,11475,12491,13489,14420,15628,16325,17837,19250,20914,21648,25331,27517,28699,31190,33931,36976,40459
Philippines,PHL,Manila,14.590622,120.97997,0,0,0,0,0,0,0,0,0,0,0,0,0,0,0,0,0,0,0,0,0,0,0,0,0,0,0,0,0,1,1,1,2,2,2,2,3,3,3,3,3,3,3,3,3,3,3,3,3,3,3,3,3,3,3,3,3,3,3,3,3,3,3,4,4,5,5,6,10,33,33,49,52,64,111,140,142,187,202,230,230,380,380,462,552,636,707,803,1075,1418,2084,2084,2311,2633,3018,3094,3246,3660,3764,3870,4076,4076,4428,4648,4932,5223,5453,5660,5878,6087,6259,6459,6599,6710,6981,7192,7294,7579,7777,7958,8212,8488,8772
Poland,POL,Warsaw,52.231924,21.006727,0,0,0,0,0,0,0,0,0,0,0,0,0,0,0,0,0,0,0,0,0,0,0,0,0,0,0,0,0,0,0,0,0,0,0,0,0,0,0,0,0,0,0,0,0,0,0,0,0,0,0,0,0,0,0,0,0,0,0,0,0,0,0,1,2,4,5,6,11,17,22,31,49,68,104,125,177,238,287,355,425,536,634,749,901,1051,1221,1389,1638,1862,2055,2311,2554,2946,3383,3627,4102,4413,4848,5205,5575,5955,6356,6674,6934,7202,7582,7918,8379,8742,9287,9593,9856,10169,10511,10892,11273,11617,11902,12218,12640,12877,13105
Portugal,PRT,Lisbon,38.707751,-9.136592,0,0,0,0,0,0,0,0,0,0,0,0,0,0,0,0,0,0,0,0,0,0,0,0,0,0,0,0,0,0,0,0,0,0,0,0,0,0,0,0,0,0,0,0,0,0,0,0,0,0,0,0,0,0,0,0,0,0,0,0,0,0,2,4,5,9,13,21,30,39,41,59,78,112,169,245,331,448,642,785,1020,1280,1600,2060,2362,2995,3544,4268,5170,5962,6408,7443,8251,9034,9886,10524,11278,11730,12442,13141,13956,15472,15987,16585,16934,17448,18091,18841,19022,19685,20206,20863,21379,21982,22353,22797,23392,23864,24027,24322,24505,25056,25351
Puerto Rico,PRI,San Juan,18.384239,-66.05344,0,0,0,0,0,0,0,0,0,0,0,0,0,0,0,0,0,0,0,0,0,0,0,0,0,0,0,0,0,0,0,0,0,0,0,0,0,0,0,0,0,0,0,0,0,0,0,0,0,0,0,0,0,0,0,0,0,0,0,0,0,0,0,0,0,0,0,0,0,0,0,0,0,0,0,0,0,0,0,0,0,0,0,0,0,0,0,64,100,127,174,239,286,316,378,452,475,513,573,620,683,725,788,897,903,923,974,1043,1068,1118,1213,1252,1252,1252,1252,1276,1307,1371,1389,1400,1433,1539,1575
Qatar,QAT,Doha,25.285633,51.526416,0,0,0,0,0,0,0,0,0,0,0,0,0,0,0,0,0,0,0,0,0,0,0,0,0,0,0,0,0,0,0,0,0,0,0,0,0,0,0,0,0,0,0,0,0,0,0,0,0,0,0,0,0,0,0,0,0,0,0,0,1,3,6,8,9,10,11,12,15,18,24,262,291,320,337,401,439,442,452,460,470,481,494,501,526,537,549,562,590,634,693,781,835,949,949,1325,1604,1832,2057,2210,2376,2512,2728,2979,3231,3428,3711,4103,4663,5008,5448,6015,6533,7141,7764,8525,9358,10287,11244,11921,12564,13409,14096
Romania,ROU,Bucharest,44.436141,26.10272,0,0,0,0,0,0,0,0,0,0,0,0,0,0,0,0,0,0,0,0,0,0,0,0,0,0,0,0,0,0,0,0,0,0,0,0,0,0,0,0,0,0,0,0,0,0,0,0,0,0,0,0,0,0,0,0,0,1,1,3,3,3,4,4,5,6,7,13,15,17,25,45,64,89,113,139,184,217,260,277,308,367,433,576,762,906,1029,1292,1452,1760,1952,2245,2460,2738,3183,3613,3864,4057,4417,4761,5202,5467,5990,6300,6633,6879,7216,7707,8067,8418,8746,8936,9242,9710,10096,10417,10635,11036,11339,11616,11978,12240,12567
Russia,RUS,Moscow,55.750718,37.617661,0,0,0,0,0,0,0,0,0,0,0,0,0,0,0,0,0,0,0,0,0,0,0,0,0,0,0,0,0,0,0,2,2,2,2,2,2,2,2,2,2,2,2,2,2,2,2,2,2,2,2,2,2,2,2,2,2,2,2,2,2,2,3,4,4,4,10,10,10,10,10,25,30,45,59,63,93,114,147,199,253,306,438,438,495,658,840,1036,1264,1534,1836,2337,2777,3548,4149,4731,5389,6343,7497,8672,10131,11917,13584,15770,18328,21102,24490,27938,32008,36793,42853,47121,52763,57999,62773,68622,74588,80949,87147,93558,99399,106498,114431
Rwanda,RWA,Kigali,-1.88596,30.129675,0,0,0,0,0,0,0,0,0,0,0,0,0,0,0,0,0,0,0,0,0,0,0,0,0,0,0,0,0,0,0,0,0,0,0,0,0,0,0,0,0,0,0,0,0,0,0,0,0,0,0,0,0,0,0,0,0,0,0,0,0,0,0,0,0,0,0,0,0,0,0,0,0,0,1,5,5,7,11,11,17,17,19,36,40,41,50,54,60,70,70,75,82,82,89,102,104,105,105,110,113,118,120,126,127,134,136,138,143,144,147,147,150,153,154,176,183,191,207,212,225,243,249
San Marino,SMR,City of San Marino,43.9346,12.4473,0,0,0,0,0,0,0,0,0,0,0,0,0,0,0,0,0,0,0,0,0,0,0,0,0,0,0,0,0,0,0,0,0,0,0,0,0,0,0,0,0,0,0,0,0,0,0,0,0,0,0,0,0,0,0,0,0,0,1,1,1,8,9,10,15,22,23,26,37,49,62,66,67,73,92,98,102,104,109,126,151,151,151,187,187,208,218,223,224,229,229,230,236,245,251,259,266,277,279,308,333,344,356,356,356,372,392,426,435,455,461,462,476,488,501,513,513,538,538,553,563,569,580
Saudi Arabia,SAU,Riyadh,24.631969,46.715065,0,0,0,0,0,0,0,0,0,0,0,0,0,0,0,0,0,0,0,0,0,0,0,0,0,0,0,0,0,0,0,0,0,0,0,0,0,0,0,0,0,0,0,0,0,0,0,0,0,0,0,0,0,0,0,0,0,0,0,0,0,0,1,2,4,5,6,7,11,15,20,45,62,86,86,118,133,133,171,238,274,392,511,562,767,900,1012,1104,1203,1229,1453,1563,1720,1885,1885,2179,2385,2523,2795,2932,3287,3651,4033,4462,4934,5369,5862,6380,7142,8274,9362,10484,11631,12772,13930,15102,16299,17522,18811,20077,21402,22753,24097
Serbia,SRB,Belgrade,44.817813,20.456897,0,0,0,0,0,0,0,0,0,0,0,0,0,0,0,0,0,0,0,0,0,0,0,0,0,0,0,0,0,0,0,0,0,0,0,0,0,0,0,0,0,0,0,0,0,0,0,0,0,0,0,0,0,0,0,0,0,0,0,0,0,0,0,0,0,0,1,2,3,4,5,18,24,41,46,55,57,72,94,126,135,149,188,222,249,303,384,457,659,741,741,900,1060,1171,1476,1624,1908,2200,2447,2666,2867,3105,3380,3630,4054,4465,4873,5318,5690,5994,6318,6630,6890,7114,7276,7483,7779,8042,8275,8497,8724,9009,9205
Seychelles,SYC,Victoria,-36.59861,144.678005,0,0,0,0,0,0,0,0,0,0,0,0,0,0,0,0,0,0,0,0,0,0,0,0,0,0,0,0,0,0,0,0,0,0,0,0,0,0,0,0,0,0,0,0,0,0,0,0,0,0,0,0,0,0,0,0,0,0,0,0,0,0,0,0,0,0,0,0,0,0,0,0,0,0,2,3,4,4,6,6,7,7,7,7,7,7,7,7,7,8,10,10,10,10,10,10,10,10,10,10,10,10,10,10,10,11,11,11,11,11,11,11,11,11,11,11,11,11,11,11,11,11,11
Sierra Leone,SLE,Freetown,8.479004,-13.26795,0,0,0,0,0,0,0,0,0,0,0,0,0,0,0,0,0,0,0,0,0,0,0,0,0,0,0,0,0,0,0,0,0,0,0,0,0,0,0,0,0,0,0,0,0,0,0,0,0,0,0,0,0,0,0,0,0,0,0,0,0,0,0,0,0,0,0,0,0,0,0,0,0,0,0,0,0,0,0,0,0,0,0,0,0,0,0,0,0,0,0,1,1,2,2,4,6,6,6,7,7,8,10,10,11,11,13,15,26,30,35,43,50,61,64,82,82,93,99,104,116,124,136
Singapore,SGP,Singapore,1.290475,103.852036,0,0,0,0,0,0,0,0,0,0,0,0,0,0,0,0,0,0,0,0,0,0,0,3,3,4,4,5,7,10,13,16,18,18,18,24,28,30,33,40,43,45,47,50,58,67,72,75,77,81,84,85,86,89,89,90,91,93,96,98,102,106,108,110,112,117,130,138,150,160,166,178,187,200,214,226,243,266,313,345,385,432,455,509,558,568,594,732,803,844,844,879,1000,1049,1114,1189,1309,1375,1481,1623,1909,1909,2299,2532,2918,3252,3699,4427,5050,5992,6588,8014,9125,10141,11178,11178,12693,13624,14423,14951,15641,16169,17101
Slovakia,SVK,Bratislava,48.135909,17.159744,0,0,0,0,0,0,0,0,0,0,0,0,0,0,0,0,0,0,0,0,0,0,0,0,0,0,0,0,0,0,0,0,0,0,0,0,0,0,0,0,0,0,0,0,0,0,0,0,0,0,0,0,0,0,0,0,0,0,0,0,0,0,0,0,0,0,1,3,5,6,7,10,21,30,44,61,84,97,107,123,137,178,185,191,204,216,226,295,295,336,336,363,400,426,450,471,485,534,581,682,701,715,728,742,769,835,863,977,1049,1089,1161,1173,1199,1244,1325,1360,1373,1379,1381,1384,1391,1396,1403
Slovenia,SVN,Ljubljana,46.049865,14.506892,0,0,0,0,0,0,0,0,0,0,0,0,0,0,0,0,0,0,0,0,0,0,0,0,0,0,0,0,0,0,0,0,0,0,0,0,0,0,0,0,0,0,0,0,0,0,0,0,0,0,0,0,0,0,0,0,0,0,0,0,0,0,0,0,1,6,9,12,16,24,31,57,96,141,181,219,253,275,286,319,341,383,414,442,480,528,577,632,691,730,763,814,841,897,934,977,997,1021,1055,1091,1124,1160,1188,1205,1212,1220,1248,1268,1304,1317,1330,1335,1340,1353,1366,1373,1388,1407,1407,1408,1418,1429,1434
South Africa,ZAF,Pretoria,-25.745937,28.187944,0,0,0,0,0,0,0,0,0,0,0,0,0,0,0,0,0,0,0,0,0,0,0,0,0,0,0,0,0,0,0,0,0,0,0,0,0,0,0,0,0,0,0,0,0,0,0,0,0,0,0,0,0,0,0,0,0,0,0,0,0,0,0,0,0,1,2,2,3,7,10,13,17,24,24,51,62,85,116,150,205,240,274,402,557,709,927,1170,1187,1280,1326,1353,1380,1462,1505,1585,1655,1686,1749,1845,1934,2003,2028,2173,2272,2415,2506,2605,2783,3034,3158,3300,3465,3635,3953,4220,4361,4546,4793,4996,5350,5647,5951
South Korea,KOR,Seoul,37.566679,126.978291,0,0,0,0,0,0,0,0,0,0,0,0,0,0,0,0,0,0,0,1,1,1,1,2,2,3,4,4,4,4,7,12,15,15,16,18,23,24,24,25,27,28,28,28,28,28,29,30,31,46,80,155,345,601,762,892,1146,1595,2022,2931,3526,4212,4812,5328,5766,6284,6767,7134,7382,7513,7755,7869,7979,8086,8162,8236,8320,8413,8565,8652,8799,8897,8961,9037,9137,9241,9332,9478,9583,9661,9786,9786,9976,10062,10156,10237,10284,10331,10384,10423,10450,10450,10512,10537,10564,10591,10613,10635,10653,10661,10674,10683,10694,10702,10708,10718,10728,10738,10752,10761,10765,10774,10780
South Sudan,SSD,Juba,4.847202,31.595166,0,0,0,0,0,0,0,0,0,0,0,0,0,0,0,0,0,0,0,0,0,0,0,0,0,0,0,0,0,0,0,0,0,0,0,0,0,0,0,0,0,0,0,0,0,0,0,0,0,0,0,0,0,0,0,0,0,0,0,0,0,0,0,0,0,0,0,0,0,0,0,0,0,0,0,0,0,0,0,0,0,0,0,0,0,0,0,0,0,0,0,0,0,0,0,0,1,1,1,2,2,3,4,4,4,4,4,4,4,4,4,4,4,4,4,5,5,6,6,34,34,35,45
Spain,ESP,Madrid,40.416705,-3.703582,0,0,0,0,0,0,0,0,0,0,0,0,0,0,0,0,0,0,0,0,0,0,0,0,0,0,0,0,0,0,0,1,1,1,1,1,1,1,1,1,2,2,2,2,2,2,2,2,2,2,2,2,2,2,2,3,7,12,25,34,66,83,114,151,200,261,374,430,589,1204,1639,2140,3004,4231,5753,7753,9191,11178,13716,17147,19980,24926,28572,33089,39673,47610,56188,64059,72248,78797,85195,94417,102136,110238,117710,124736,130759,135032,140510,146690,152446,157022,161852,166019,169496,177464,181504,185904,190008,188578,191163,194515,197142,200194,202961,205905,207634,209465,210773,212917,213435,215216,
Sri Lanka,LKA,Sri Jayawardenapura Kotte,6.903166,79.909164,0,0,0,0,0,0,0,0,0,0,0,0,0,0,0,0,0,0,0,0,0,0,0,0,0,0,0,1,1,1,1,1,1,1,1,1,1,1,1,1,1,1,1,1,1,1,1,1,1,1,1,1,1,1,1,1,1,1,1,1,1,1,1,1,1,1,2,2,2,2,2,2,3,6,11,19,29,42,42,53,66,78,87,97,102,102,106,106,115,120,120,122,143,148,151,159,166,178,185,189,190,197,199,210,218,233,237,238,244,254,295,304,310,330,368,420,462,523,588,619,649,665,690
Sudan,SDN,Khartoum,15.593325,32.53565,0,0,0,0,0,0,0,0,0,0,0,0,0,0,0,0,0,0,0,0,0,0,0,0,0,0,0,0,0,0,0,0,0,0,0,0,0,0,0,0,0,0,0,0,0,0,0,0,0,0,0,0,0,0,0,0,0,0,0,0,0,0,0,0,0,0,0,0,0,0,0,0,0,1,1,1,1,1,2,2,2,2,2,2,3,3,3,3,5,5,6,7,7,7,7,10,12,12,14,14,14,15,19,19,29,32,32,32,32,66,66,92,107,140,162,174,213,237,275,318,375,442,442
Sweden,SWE,Stockholm,59.325117,18.071094,0,0,0,0,0,0,0,0,0,0,0,0,0,0,0,0,0,0,0,0,0,0,0,0,0,0,0,0,0,0,0,1,1,1,1,1,1,1,1,1,1,1,1,1,1,1,1,1,1,1,1,1,1,1,1,1,1,2,7,12,13,14,15,24,35,61,137,161,203,248,326,462,620,775,924,1032,1121,1167,1301,1423,1623,1746,1906,2016,2272,2510,2806,3046,3447,3700,4028,4435,4947,5466,6078,6443,6830,7206,7693,8419,9141,9685,10151,10483,10948,11445,11927,12540,13216,13822,14385,14777,15322,16004,16755,17567,18177,18640,18926,19621,20302,21092,21520
Switzerland,CHE,Bern,46.948271,7.451451,0,0,0,0,0,0,0,0,0,0,0,0,0,0,0,0,0,0,0,0,0,0,0,0,0,0,0,0,0,0,0,0,0,0,0,0,0,0,0,0,0,0,0,0,0,0,0,0,0,0,0,0,0,0,0,0,1,1,8,12,18,24,30,37,57,87,209,264,332,374,490,642,854,1121,1359,2200,2200,2650,3010,3888,4840,6077,6971,8015,8789,9714,10714,12104,13152,14274,15412,16108,17070,18194,19227,20201,21022,21574,22164,22710,23495,24228,24820,25220,25499,25753,26336,26651,26997,27322,27658,27826,27981,28186,28414,28595,28811,28978,29081,29181,29324,29503,29622
Syria,SYR,Damascus,33.51307,36.309581,0,0,0,0,0,0,0,0,0,0,0,0,0,0,0,0,0,0,0,0,0,0,0,0,0,0,0,0,0,0,0,0,0,0,0,0,0,0,0,0,0,0,0,0,0,0,0,0,0,0,0,0,0,0,0,0,0,0,0,0,0,0,0,0,0,0,0,0,0,0,0,0,0,0,0,0,0,0,0,0,0,0,1,1,1,1,5,5,5,9,10,10,10,16,16,16,19,19,19,19,19,19,25,25,25,29,33,33,38,38,39,39,42,42,42,42,42,43,43,43,43,43,44
Taiwan,TWN,Taipei,25.066667,121.516667,0,0,0,0,0,0,0,0,0,0,0,0,0,0,0,0,0,0,0,0,1,1,1,1,3,3,5,7,8,8,9,10,10,10,10,11,11,16,17,18,18,18,18,18,18,18,18,20,22,22,24,24,26,26,28,30,31,32,34,39,40,40,41,42,43,44,45,45,45,47,48,48,49,53,59,59,67,77,108,108,135,153,165,195,216,235,252,267,283,306,306,322,339,339,355,363,363,373,376,379,380,380,385,388,393,395,395,395,395,398,420,422,425,426,427,428,429,429,429,429,429,429,429
Tanzania,TZA,Dodoma,-6.179118,35.746817,0,0,0,0,0,0,0,0,0,0,0,0,0,0,0,0,0,0,0,0,0,0,0,0,0,0,0,0,0,0,0,0,0,0,0,0,0,0,0,0,0,0,0,0,0,0,0,0,0,0,0,0,0,0,0,0,0,0,0,0,0,0,0,0,0,0,0,0,0,0,0,0,0,0,0,0,1,1,3,3,3,6,12,12,12,12,13,13,13,14,19,19,20,21,21,21,22,24,24,25,25,32,32,32,46,53,88,94,147,148,170,170,254,285,285,300,300,300,300,306,480,480,480
Thailand,THA,Bangkok,13.754253,100.493087,0,0,0,0,0,0,0,0,0,0,0,0,1,1,1,1,2,2,2,2,2,4,4,4,5,5,8,14,14,14,14,19,19,19,19,25,25,25,32,32,32,32,33,33,33,34,34,34,35,35,35,35,35,35,35,37,40,40,40,42,42,43,44,46,47,49,50,52,55,57,59,70,76,82,82,114,177,177,177,212,366,599,721,827,934,1045,1136,1136,1245,1388,1651,1651,1771,1875,1978,2169,2220,2258,2369,2423,2473,2518,2551,2579,2613,2643,2672,2700,2700,2733,2765,2792,2811,2839,2839,2854,2922,2922,2938,2938,2954,2960,2960
Trinidad and Tobago,TTO,Port of Spain,10.657268,-61.518017,0,0,0,0,0,0,0,0,0,0,0,0,0,0,0,0,0,0,0,0,0,0,0,0,0,0,0,0,0,0,0,0,0,0,0,0,0,0,0,0,0,0,0,0,0,0,0,0,0,0,0,0,0,0,0,0,0,0,0,0,0,0,0,0,0,0,0,0,0,0,0,0,1,2,2,4,5,7,9,9,9,49,50,51,57,60,65,66,74,78,85,87,89,97,100,103,104,105,107,107,109,109,112,113,113,113,114,114,114,114,114,114,115,115,115,115,115,116,116,116,116,116,116
Tunisia,TUN,Tunis,33.843941,9.400138,0,0,0,0,0,0,0,0,0,0,0,0,0,0,0,0,0,0,0,0,0,0,0,0,0,0,0,0,0,0,0,0,0,0,0,0,0,0,0,0,0,0,0,0,0,0,0,0,0,0,0,0,0,0,0,0,0,0,0,0,0,0,1,1,1,1,2,2,2,2,5,7,13,16,16,18,20,24,29,39,54,60,75,89,114,173,173,227,227,278,312,362,394,455,455,495,553,574,596,623,643,671,685,707,726,747,780,822,864,866,879,884,901,901,918,922,939,949,967,975,980,994,998
Turkey,TUR,Ankara,39.921522,32.853793,0,0,0,0,0,0,0,0,0,0,0,0,0,0,0,0,0,0,0,0,0,0,0,0,0,0,0,0,0,0,0,0,0,0,0,0,0,0,0,0,0,0,0,0,0,0,0,0,0,0,0,0,0,0,0,0,0,0,0,0,0,0,0,0,0,0,0,0,0,0,0,1,2,7,13,18,47,98,191,359,670,947,1236,1529,1872,2433,3629,5698,7402,9217,10827,13531,15679,18135,20921,23934,27069,30217,34109,38226,42282,47029,52167,56956,61049,65111,69392,74193,78546,82329,86306,90980,95591,98674,101790,104912,107773,110130,112261,114653,117589,120204,122392
Uganda,UGA,Kampala,0.317714,32.581354,0,0,0,0,0,0,0,0,0,0,0,0,0,0,0,0,0,0,0,0,0,0,0,0,0,0,0,0,0,0,0,0,0,0,0,0,0,0,0,0,0,0,0,0,0,0,0,0,0,0,0,0,0,0,0,0,0,0,0,0,0,0,0,0,0,0,0,0,0,0,0,0,0,0,0,0,0,0,0,0,0,1,1,9,9,14,14,14,30,33,33,44,44,45,48,48,52,52,52,53,53,53,53,54,54,55,55,55,55,55,55,56,58,61,74,75,75,79,79,79,81,83,85
Ukraine,UKR,Kiev,50.450107,30.52405,0,0,0,0,0,0,0,0,0,0,0,0,0,0,0,0,0,0,0,0,0,0,0,0,0,0,0,0,0,0,0,0,0,0,0,0,0,0,0,0,0,0,0,0,0,0,0,0,0,0,0,0,0,0,0,0,0,0,0,0,0,0,0,1,1,1,2,2,2,2,3,3,3,3,3,3,5,14,19,26,26,41,47,73,84,113,156,218,311,418,480,549,794,804,987,1096,1251,1319,1462,1668,1892,2203,2511,2777,3102,3372,4161,4462,5106,5449,5710,6125,6592,7170,7647,8125,8617,9009,9009,9410,9866,9866,11411
United Arab Emirates,ARE,Abu Dhabi,23.997644,53.64391,0,0,0,0,0,0,0,0,0,0,0,0,0,0,0,0,0,0,0,0,0,0,0,0,0,0,1,1,1,4,4,4,5,5,5,5,5,5,7,7,7,8,8,8,8,8,8,9,9,9,9,9,11,13,13,13,13,13,19,19,21,21,24,27,28,29,37,45,52,59,74,80,85,85,85,86,98,113,113,140,140,153,153,198,248,333,333,405,468,468,611,664,664,1024,1024,1505,1799,2076,2359,2659,2990,3360,3736,4123,4521,4933,5365,5825,5825,6302,6781,7265,7755,8238,8756,9281,9813,10349,10839,11380,11929,12481,13038
United Kingdom,GBR,London,51.507322,-0.127647,0,0,0,0,0,0,0,0,0,0,0,0,0,0,0,0,0,0,0,0,0,0,0,0,0,0,0,0,0,0,2,2,2,2,2,2,2,3,3,4,4,8,8,9,9,9,9,9,9,9,9,9,9,9,13,13,13,13,16,18,23,36,40,51,85,115,163,206,273,321,373,456,590,707,1140,1391,1543,1950,2630,3277,3983,5018,5683,6650,8077,9529,11658,14543,17089,19522,22141,25150,29474,33718,38168,41903,47806,51608,55242,60733,65077,70272,78991,84279,88621,93873,98476,103093,108692,114217,120067,124743,129044,133495,138078,143464,148377,152840,157149,161145,165221,171253,177454
United States of America,USA,"Washington, D.C.",38.904722,-77.016389,0,0,0,0,0,0,0,0,0,0,0,0,0,0,0,0,0,0,0,0,1,1,1,1,2,2,5,5,5,5,6,7,8,11,11,11,12,12,12,12,12,13,13,14,15,15,15,15,15,15,15,16,35,35,35,53,53,59,60,66,69,89,103,125,159,233,338,433,554,754,1025,1312,1663,2174,2951,3774,4661,6427,9415,14250,19624,26747,35206,46442,55231,69194,85991,104686,124665,143025,164620,189618,216721,245540,277965,312237,337635,368196,398809,432132,466033,501560,529951,557571,582594,609516,639664,671331,702164,735086,759687,787752,825041,842629,869172,890524,939053,965910,988451,1012583,1039909,1069826,1103781
Uruguay,URY,Montevideo,-34.905904,-56.191357,0,0,0,0,0,0,0,0,0,0,0,0,0,0,0,0,0,0,0,0,0,0,0,0,0,0,0,0,0,0,0,0,0,0,0,0,0,0,0,0,0,0,0,0,0,0,0,0,0,0,0,0,0,0,0,0,0,0,0,0,0,0,0,0,0,0,0,0,0,0,0,0,0,0,6,8,29,50,79,94,110,135,158,162,189,217,238,238,259,295,324,330,341,359,371,390,407,411,417,426,433,446,453,465,472,483,493,502,508,517,528,535,543,549,557,563,596,606,620,625,630,643,648
Uzbekistan,UZB,Tashkent,41.312336,69.278708,0,0,0,0,0,0,0,0,0,0,0,0,0,0,0,0,0,0,0,0,0,0,0,0,0,0,0,0,0,0,0,0,0,0,0,0,0,0,0,0,0,0,0,0,0,0,0,0,0,0,0,0,0,0,0,0,0,0,0,0,0,0,0,0,0,0,0,0,0,0,0,0,0,0,0,6,8,16,23,23,33,33,46,49,55,65,83,104,133,145,149,173,187,190,227,266,342,397,504,555,582,624,796,865,998,1165,1302,1380,1450,1495,1565,1657,1692,1716,1778,1836,1865,1887,1904,1939,2002,2046,2094
Venezuela,VEN,Caracas,10.506098,-66.914602,0,0,0,0,0,0,0,0,0,0,0,0,0,0,0,0,0,0,0,0,0,0,0,0,0,0,0,0,0,0,0,0,0,0,0,0,0,0,0,0,0,0,0,0,0,0,0,0,0,0,0,0,0,0,0,0,0,0,0,0,0,0,0,0,0,0,0,0,0,0,0,0,0,0,10,15,33,33,33,33,36,36,36,84,91,106,107,119,119,119,135,135,143,144,144,144,148,159,166,167,171,175,175,181,189,193,197,204,227,227,256,256,285,288,298,318,323,325,329,329,331,333,335
Vietnam,VNM,Hanoi,21.02921,105.85247,0,0,0,0,0,0,0,0,0,0,0,0,0,0,0,0,0,0,0,0,0,0,0,2,2,2,2,2,2,2,5,5,7,8,9,10,10,12,13,14,14,15,15,16,16,16,16,16,16,16,16,16,16,16,16,16,16,16,16,16,16,16,16,16,17,17,17,21,30,34,38,39,44,53,53,57,61,68,76,87,88,95,121,132,137,153,163,171,188,203,206,212,233,236,240,241,245,251,251,255,257,258,262,264,267,268,268,268,268,268,268,268,268,268,270,270,270,270,270,270,270,270,270
Zambia,ZMB,Lusaka,-15.416697,28.281381,0,0,0,0,0,0,0,0,0,0,0,0,0,0,0,0,0,0,0,0,0,0,0,0,0,0,0,0,0,0,0,0,0,0,0,0,0,0,0,0,0,0,0,0,0,0,0,0,0,0,0,0,0,0,0,0,0,0,0,0,0,0,0,0,0,0,0,0,0,0,0,0,0,0,0,0,0,0,2,2,2,2,3,3,3,12,14,16,28,29,35,35,36,39,39,39,39,39,39,39,39,40,40,43,45,45,48,48,52,57,61,65,65,74,76,84,84,88,89,95,97,106,109
Zimbabwe,ZWE,Harare,-17.831773,31.045686,0,0,0,0,0,0,0,0,0,0,0,0,0,0,0,0,0,0,0,0,0,0,0,0,0,0,0,0,0,0,0,0,0,0,0,0,0,0,0,0,0,0,0,0,0,0,0,0,0,0,0,0,0,0,0,0,0,0,0,0,0,0,0,0,0,0,0,0,0,0,0,0,0,0,0,0,0,0,0,0,1,2,2,2,2,3,3,5,7,7,7,8,8,8,9,9,9,9,10,11,11,11,14,14,17,17,23,24,24,25,25,25,28,28,29,29,31,31,32,32,34,34,34
